sc,name,market,industry,trade_date,trade_seq,lookback_obs,close_price,high_price,low_price,volume,range_high,range_low,avg_volume,breakout_price,range_width_pct,breakout_pct,volume_ratio,close_fwd_20,close_fwd_60,close_fwd_120,close_fwd_240,future_max_close_240,future_min_close_60,return_20d,return_60d,return_120d,return_240d,future_max_return_240d,future_min_return_60d,label,label_reason
1382,ホーブ,JQS,水産・農林,2019-08-07,271,120,995,995,995,6700,946,778,390.0000000000000000,995,0.21593830334190231362,0.0517970401691332,17.1794871794871795,1086,1386,1296,902,2087,991,0.09145729,0.39296482,0.30251256,-0.09346734,1.09748744,-0.00402010,trend,future_max_and_confirm_return_cleared_thresholds
1407,ウエストホールディングス,JQS,建設,2018-10-16,194,120,950,959,857,2053700,908,710,177670.000000000000,950,0.27887323943661971831,0.0462555066079295,11.5590701863004446,1224,1101,1244,1260,1489,979,0.28842105,0.15894737,0.30947368,0.32631579,0.56736842,0.03052632,trend,future_max_and_confirm_return_cleared_thresholds
1429,日本アクア,東証一部,建設,2018-12-28,245,120,437,448,410,620400,416,322,109425.000000000000,437,0.29192546583850931677,0.0504807692307692,5.6696367374914325,401,539,612,638,758,400,-0.08237986,0.23340961,0.40045767,0.45995423,0.73455378,-0.08466819,trend,future_max_and_confirm_return_cleared_thresholds
1431,Lib_Work,福証QB,建設,2019-05-14,325,120,1100,1105,980,5300,1050,785,1455.0000000000000000,1100,0.33757961783439490446,0.0476190476190476,3.6426116838487973,1185,1159,2818,1626,4965,1087,0.07727273,0.05363636,1.56181818,0.47818182,3.51363636,-0.01181818,trend,future_max_and_confirm_return_cleared_thresholds
1712,ダイセキ環境ソリューション,東証一部,建設,2019-08-06,388,120,702,710,655,90900,682,601,41905.000000000000,702,0.13477537437603993344,0.0293255131964809,2.1691922204987472,664,947,1084,696,1224,651,-0.05413105,0.34900285,0.54415954,-0.00854701,0.74358974,-0.07264957,trend,future_max_and_confirm_return_cleared_thresholds
1726,ビーアールホールディングス,東証一部,建設,2020-05-18,574,120,528,531,516,143000,510,393,44230.000000000000,528,0.29770992366412213740,0.0352941176470588,3.2330997060818449,515,682,780,553,802,515,-0.02462121,0.29166667,0.47727273,0.04734848,0.51893939,-0.02462121,trend,future_max_and_confirm_return_cleared_thresholds
1776,三井住建道路,東証二部,建設,2018-09-06,161,120,382,389,374,62000,372,349,12900.000000000000,382,0.06590257879656160458,0.0268817204301075,4.8062015503875969,720,679,756,764,774,369,0.88481675,0.77748691,0.97905759,1.00000000,1.02617801,-0.03403141,trend,future_max_and_confirm_return_cleared_thresholds
1813,不動テトラ,東証一部,建設,2018-08-08,148,120,218,220,210,4642900,212,179,1323905.000000000000,218,0.18435754189944134078,0.0283018867924528,3.5069736876890713,213,1725,1675,1167,2135,206,-0.02293578,6.91284404,6.68348624,4.35321101,8.79357798,-0.05504587,trend,future_max_and_confirm_return_cleared_thresholds
1885,東亜建設工業,東証一部,建設,2020-10-06,669,120,1790,1801,1722,121600,1716,1290,69055.000000000000,1790,0.33023255813953488372,0.0431235431235431,1.7609152125117660,1930,1981,2473,2474,2576,1763,0.07821229,0.10670391,0.38156425,0.38212291,0.43910615,-0.01508380,trend,future_max_and_confirm_return_cleared_thresholds
1898,世紀東急工業,東証一部,建設,2019-07-31,384,120,670,688,665,415100,653,563,49480.000000000000,670,0.15985790408525754885,0.0260336906584992,8.3892481810832660,663,761,922,738,1004,659,-0.01044776,0.13582090,0.37611940,0.10149254,0.49850746,-0.01641791,trend,future_max_and_confirm_return_cleared_thresholds
2150,ケアネット,東証マザ,サービス,2019-11-20,458,120,775,793,741,124300,727,599,22435.000000000000,775,0.21368948247078464107,0.0660247592847318,5.5404501894361489,775,809,1195,4675,5030,737,0.00000000,0.04387097,0.54193548,5.03225806,5.49032258,-0.04903226,trend,future_max_and_confirm_return_cleared_thresholds
2153,E・Jホールディングス,東証一部,サービス,2019-07-16,373,120,1274,1325,1225,116300,1216,983,3490.0000000000000000,1274,0.23702950152594099695,0.0476973684210526,33.3237822349570201,1205,1343,1805,1961,1961,1169,-0.05416013,0.05416013,0.41679749,0.53924647,0.53924647,-0.08241758,trend,future_max_and_confirm_return_cleared_thresholds
2164,地域新聞社,JQG,サービス,2018-09-03,160,120,629,632,552,78900,558,448,5940.0000000000000000,629,0.24553571428571428571,0.1272401433691756,13.2828282828282828,1800,3515,3790,898,5000,659,1.86168521,4.58823529,5.02543720,0.42766296,6.94912560,0.04769475,trend,future_max_and_confirm_return_cleared_thresholds
2180,サニーサイドアップ,東証一部,サービス,2019-01-04,246,120,1150,1159,1099,25900,1122,898,15740.000000000000,1150,0.24944320712694877506,0.0249554367201426,1.6454891994917408,1335,1711,2118,1148,2258,1161,0.16086957,0.48782609,0.84173913,-0.00173913,0.96347826,0.00956522,trend,future_max_and_confirm_return_cleared_thresholds
2222,寿スピリッツ,東証一部,食料品,2019-05-14,329,120,5140,5150,4520,323300,4985,3815,83815.000000000000,5140,0.30668414154652686763,0.0310932798395186,3.8573047783809581,5160,6700,7420,4920,8870,5060,0.00389105,0.30350195,0.44357977,-0.04280156,0.72568093,-0.01556420,trend,future_max_and_confirm_return_cleared_thresholds
2303,ドーン,JQS,情報通信,2019-08-21,398,120,1213,1303,1024,1394300,1158,922,12610.000000000000,1213,0.25596529284164859002,0.0474956822107081,110.5709754163362411,1168,1456,2253,2285,2711,1110,-0.03709810,0.20032976,0.85737840,0.88375927,1.23495466,-0.08491344,trend,future_max_and_confirm_return_cleared_thresholds
2305,スタジオアリス,東証一部,サービス,2020-10-13,674,120,1858,1861,1699,184200,1731,1368,36920.000000000000,1858,0.26535087719298245614,0.0733679953783940,4.9891657638136511,2037,1974,2301,2326,2657,1883,0.09634015,0.06243272,0.23842842,0.25188375,0.43003229,0.01345533,trend,future_max_and_confirm_return_cleared_thresholds
2373,ケア21,JQS,サービス,2020-08-18,618,120,1741,1741,1680,14200,1700,1335,4820.0000000000000000,1741,0.27340823970037453184,0.0241176470588235,2.9460580912863071,2135,2663,2462,861,3445,1760,0.22630672,0.52958070,0.41412981,-0.50545663,0.97874785,0.01091327,trend,future_max_and_confirm_return_cleared_thresholds
2375,スリープログループ,東証二部,サービス,2019-05-07,324,120,1055,1055,981,190100,1001,802,60235.000000000000,1055,0.24812967581047381546,0.0539460539460539,3.1559724412716859,1191,1544,1361,965,2341,1019,0.12890995,0.46350711,0.29004739,-0.08530806,1.21895735,-0.03412322,trend,future_max_and_confirm_return_cleared_thresholds
2379,ディップ,東証一部,サービス,2019-07-19,376,120,2163,2178,2121,1290600,2085,1558,505340.000000000000,2163,0.33825417201540436457,0.0374100719424460,2.5539240907112043,2300,2787,3445,2233,3675,2140,0.06333796,0.28848821,0.59269533,0.03236246,0.69902913,-0.01063338,trend,future_max_and_confirm_return_cleared_thresholds
2480,システム・ロケーション,JQS,サービス,2019-08-05,322,120,1200,1248,1138,16500,1029,830,1675.0000000000000000,1200,0.23975903614457831325,0.1661807580174927,9.8507462686567164,1200,1623,1610,1420,1950,1081,0.00000000,0.35250000,0.34166667,0.18333333,0.62500000,-0.09916667,trend,future_max_and_confirm_return_cleared_thresholds
2588,プレミアムウォーターホールディングス,東証二部,食料品,2020-06-18,596,120,1967,1980,1886,46900,1886,1606,5645.0000000000000000,1967,0.17434620174346201743,0.0429480381760339,8.3082373782108060,2379,3390,3755,3075,4545,1964,0.20945602,0.72343671,0.90899847,0.56329436,1.31062532,-0.00152517,trend,future_max_and_confirm_return_cleared_thresholds
2737,トーメンデバイス,東証一部,卸売,2019-10-30,444,120,2668,2709,2425,36400,2488,2202,4145.0000000000000000,2668,0.12988192552225249773,0.0723472668810289,8.7816646562123040,2848,3930,3675,4060,4325,2638,0.06746627,0.47301349,0.37743628,0.52173913,0.62106447,-0.01124438,trend,future_max_and_confirm_return_cleared_thresholds
2760,東京エレクトロンデバイス,東証一部,卸売,2019-07-04,366,120,1978,1991,1949,21900,1935,1734,16795.000000000000,1978,0.11591695501730103806,0.0222222222222222,1.3039595117594522,2018,2073,2727,3675,3675,1877,0.02022245,0.04802831,0.37866532,0.85793731,0.85793731,-0.05106168,trend,future_max_and_confirm_return_cleared_thresholds
2760,東京エレクトロンデバイス,東証一部,卸売,2019-12-04,468,120,2320,2328,2258,66800,2266,1866,37045.000000000000,2320,0.21436227224008574491,0.0238305383936452,1.8032123093534890,2730,2290,2825,3180,3810,2283,0.17672414,-0.01293103,0.21767241,0.37068966,0.64224138,-0.01594828,trend,future_max_and_confirm_return_cleared_thresholds
2804,ブルドックソース,東証二部,食料品,2020-10-16,669,120,1256,1260,1236,14500,1230,1065,3970.0000000000000000,1256,0.15492957746478873239,0.0211382113821138,3.6523929471032746,1233,2023,2529,2328,3050,1231,-0.01831210,0.61066879,1.01353503,0.85350318,1.42834395,-0.01990446,trend,future_max_and_confirm_return_cleared_thresholds
2899,永谷園ホールディングス,東証一部,食料品,2018-09-25,180,120,1612,1613,1540,60000,1545,1415,17650.000000000000,1612,0.09187279151943462898,0.0433656957928803,3.3994334277620397,2838,2415,2663,2160,3175,2415,0.76054591,0.49813896,0.65198511,0.33995037,0.96960298,0.49813896,trend,future_max_and_confirm_return_cleared_thresholds
2929,ファーマフーズ,東証二部,食料品,2020-01-09,490,120,663,663,591,6602800,582,447,997060.000000000000,663,0.30201342281879194631,0.1391752577319588,6.6222694722484103,1098,745,1113,1940,3360,669,0.65610860,0.12368024,0.67873303,1.92609351,4.06787330,0.00904977,trend,future_max_and_confirm_return_cleared_thresholds
3004,神栄,東証一部,卸売,2020-09-23,661,120,658,666,543,159300,590,451,4845.0000000000000000,658,0.30820399113082039911,0.1152542372881356,32.8792569659442724,606,929,1377,1094,2312,605,-0.07902736,0.41185410,1.09270517,0.66261398,2.51367781,-0.08054711,trend,future_max_and_confirm_return_cleared_thresholds
3020,アプライド,JQS,小売,2019-11-18,449,120,1667,1668,1640,4100,1606,1420,2600.0000000000000000,1667,0.13098591549295774648,0.0379825653798257,1.5769230769230769,1878,2052,2204,4240,6520,1670,0.12657469,0.23095381,0.32213557,1.54349130,2.91121776,0.00179964,trend,future_max_and_confirm_return_cleared_thresholds
3028,アルペン,東証一部,小売,2020-09-16,658,120,1970,1977,1928,116300,1922,1462,65660.000000000000,1970,0.31463748290013679891,0.0249739854318418,1.7712458117575388,2086,2490,2389,3390,3840,1958,0.05888325,0.26395939,0.21269036,0.72081218,0.94923858,-0.00609137,trend,future_max_and_confirm_return_cleared_thresholds
3032,ゴルフ・ドゥ,名証セント,小売,2020-09-11,653,120,344,370,340,22500,333,247,3455.0000000000000000,344,0.34817813765182186235,0.0330330330330330,6.5123010130246020,400,380,448,462,558,348,0.16279070,0.10465116,0.30232558,0.34302326,0.62209302,0.01162791,trend,future_max_and_confirm_return_cleared_thresholds
3096,オーシャンシステム,JQS,小売,2020-04-16,556,120,966,979,908,48600,935,820,7280.0000000000000000,966,0.14024390243902439024,0.0331550802139037,6.6758241758241758,984,1223,1232,1153,1494,926,0.01863354,0.26604555,0.27536232,0.19358178,0.54658385,-0.04140787,trend,future_max_and_confirm_return_cleared_thresholds
3110,日東紡績,東証一部,ガラス土石,2019-07-19,376,120,2475,2477,2338,171800,2381,1839,108815.000000000000,2475,0.29472539423599782490,0.0394792104157917,1.5788264485594817,2876,3155,4945,5030,5950,2414,0.16202020,0.27474747,0.99797980,1.03232323,1.40404040,-0.02464646,trend,future_max_and_confirm_return_cleared_thresholds
3138,富士山マガジンサービス,東証マザ,小売,2019-07-16,372,120,756,756,660,66700,700,624,1290.0000000000000000,756,0.12179487179487179487,0.0800000000000000,51.7054263565891473,758,750,923,1169,1351,702,0.00264550,-0.00793651,0.22089947,0.54629630,0.78703704,-0.07142857,trend,future_max_and_confirm_return_cleared_thresholds
3161,アゼアス,東証二部,卸売,2019-11-25,461,120,605,605,571,70300,588,489,17920.000000000000,605,0.20245398773006134969,0.0289115646258503,3.9229910714285714,588,1166,962,791,1738,572,-0.02809917,0.92727273,0.59008264,0.30743802,1.87272727,-0.05454545,trend,future_max_and_confirm_return_cleared_thresholds
3168,黒谷,東証一部,卸売,2020-11-09,692,120,573,573,562,43900,557,425,17475.000000000000,573,0.31058823529411764706,0.0287253141831239,2.5121602288984263,723,700,1202,686,1202,573,0.26178010,0.22164049,1.09773124,0.19720768,1.09773124,0.00000000,trend,future_max_and_confirm_return_cleared_thresholds
3202,ダイトウボウ,東証一部,繊維製品,2020-01-29,503,120,91,93,85,381600,87,80,152925.000000000000,91,0.08750000000000000000,0.0459770114942529,2.4953408533594899,158,128,122,108,301,101,0.73626374,0.40659341,0.34065934,0.18681319,2.30769231,0.10989011,trend,future_max_and_confirm_return_cleared_thresholds
3258,ユニゾホールディングス,東証一部,不動産,2019-07-10,370,120,2390,2390,1973,932400,2192,1768,156920.000000000000,2390,0.23981900452488687783,0.0903284671532847,5.9418812133571246,3685,4590,5180,,6010,2890,0.54184100,0.92050209,1.16736402,,1.51464435,0.20920502,trend,future_max_and_confirm_return_cleared_thresholds
3315,日本コークス工業,東証一部,石油・石炭,2020-10-21,680,120,72,75,69,5212900,69,54,1208280.000000000000,72,0.27777777777777777778,0.0434782608695652,4.3143145628496706,71,91,109,144,159,65,-0.01388889,0.26388889,0.51388889,1.00000000,1.20833333,-0.09722222,trend,future_max_and_confirm_return_cleared_thresholds
3387,クリエイト・レストランツ・ホールディングス,東証一部,小売,2019-07-16,373,120,1612,1617,1533,1507600,1452,1201,207210.000000000000,1612,0.20899250624479600333,0.1101928374655647,7.2757106317262680,1651,1819,2316,601,2370,1570,0.02419355,0.12841191,0.43672457,-0.62717122,0.47022333,-0.02605459,trend,future_max_and_confirm_return_cleared_thresholds
3391,ツルハホールディングス,東証一部,小売,2019-07-09,369,120,10570,10630,10290,430700,10250,8580,233830.000000000000,10570,0.19463869463869463869,0.03121951219512195122,1.8419364495573707,11040,11830,13870,14970,16460,10470,0.04446547,0.11920530,0.31220435,0.41627247,0.55723746,-0.00946074,trend,future_max_and_confirm_return_cleared_thresholds
3431,宮地エンジニアリンググループ,東証一部,金属製品,2020-11-02,688,120,1850,1850,1783,137800,1728,1524,10725.000000000000,1850,0.13385826771653543307,0.0706018518518519,12.8484848484848485,2309,2427,2288,2609,2790,1871,0.24810811,0.31189189,0.23675676,0.41027027,0.50810811,0.01135135,trend,future_max_and_confirm_return_cleared_thresholds
3436,SUMCO,東証一部,金属製品,2020-11-20,701,120,1782,1794,1739,8667300,1729,1405,5258960.000000000000,1782,0.23060498220640569395,0.0306535569693464,1.6481015257769597,2104,2411,2434,2419,2844,1874,0.18069585,0.35297419,0.36588103,0.35746352,0.59595960,0.05162738,trend,future_max_and_confirm_return_cleared_thresholds
3569,セーレン,東証一部,繊維製品,2020-09-03,649,120,1487,1511,1419,379800,1418,1098,151400.000000000000,1487,0.29143897996357012750,0.0486600846262341,2.5085865257595773,1592,1588,1873,1946,2279,1493,0.07061197,0.06792199,0.25958305,0.30867518,0.53261601,0.00403497,trend,future_max_and_confirm_return_cleared_thresholds
3604,川本産業,東証二部,繊維製品,2020-01-07,484,120,469,481,460,29400,455,384,8130.0000000000000000,469,0.18489583333333333333,0.0307692307692308,3.6162361623616236,1895,2142,1370,1912,3795,443,3.04051173,3.56716418,1.92110874,3.07675906,7.09168443,-0.05543710,trend,future_max_and_confirm_return_cleared_thresholds
3659,ネクソン,東証一部,情報通信,2020-05-14,572,120,2072,2104,1965,6794100,1845,1439,1672055.000000000000,2072,0.28214037526059763725,0.1230352303523035,4.0633232758491796,2364,2419,3055,3470,3710,2126,0.14092664,0.16747104,0.47442085,0.67471042,0.79054054,0.02606178,trend,future_max_and_confirm_return_cleared_thresholds
3698,CRI・ミドルウェア,東証マザ,情報通信,2018-09-07,170,120,2630,2635,2431,231400,2456,1951,27575.000000000000,2630,0.25884161968221424910,0.0708469055374593,8.3916591115140526,2955,3150,3425,1847,4185,2370,0.12357414,0.19771863,0.30228137,-0.29771863,0.59125475,-0.09885932,trend,future_max_and_confirm_return_cleared_thresholds
3756,豆蔵ホールディングス,東証一部,情報通信,2019-05-13,328,120,1271,1290,1187,778900,1123,914,119635.000000000000,1271,0.22866520787746170678,0.1317898486197685,6.5106365194132152,1352,1412,1730,1877,1896,1225,0.06372935,0.11093627,0.36113297,0.47678993,0.49173879,-0.03619197,trend,future_max_and_confirm_return_cleared_thresholds
3768,リスクモンスター,東証二部,情報通信,2019-07-22,377,120,1325,1364,1280,34400,1280,1083,4565.0000000000000000,1325,0.18190212373037857802,0.0351562500000000,7.5355969331872946,1431,1439,1738,1581,1958,1310,0.08000000,0.08603774,0.31169811,0.19320755,0.47773585,-0.01132075,trend,future_max_and_confirm_return_cleared_thresholds
3774,インターネットイニシアティブ,東証一部,情報通信,2019-12-17,477,120,2797,2797,2682,146400,2689,2020,77900.000000000000,2797,0.33118811881188118812,0.0401636296020826,1.8793324775353017,3005,3300,3865,4165,5290,2699,0.07436539,0.17983554,0.38183768,0.48909546,0.89131212,-0.03503754,trend,future_max_and_confirm_return_cleared_thresholds
3775,ガイアックス,名証セント,情報通信,2019-11-29,465,120,661,704,595,258900,638,485,14010.000000000000,661,0.31546391752577319588,0.0360501567398119,18.4796573875802998,835,678,820,782,1082,599,0.26323752,0.02571861,0.24054463,0.18305598,0.63691377,-0.09379728,trend,future_max_and_confirm_return_cleared_thresholds
3776,ブロードバンドタワー,JQS,情報通信,2018-08-20,156,120,228,229,209,7686200,207,156,489980.000000000000,228,0.32692307692307692308,0.1014492753623188,15.6867627250091840,314,328,283,237,405,244,0.37719298,0.43859649,0.24122807,0.03947368,0.77631579,0.07017544,trend,future_max_and_confirm_return_cleared_thresholds
3804,システムディ,JQS,情報通信,2019-12-04,468,120,826,827,791,58900,799,637,15945.000000000000,826,0.25431711145996860283,0.0337922403003755,3.6939479460645971,1111,883,1130,2053,2184,810,0.34503632,0.06900726,0.36803874,1.48547215,1.64406780,-0.01937046,trend,future_max_and_confirm_return_cleared_thresholds
3822,Minoriソリューションズ,東証一部,情報通信,2019-06-07,347,120,1813,1832,1683,25200,1733,1410,6645.0000000000000000,1813,0.22907801418439716312,0.0461627236006924,3.7923250564334086,1917,1735,2696,,2700,1730,0.05736349,-0.04302261,0.48703806,,0.48924435,-0.04578047,trend,future_max_and_confirm_return_cleared_thresholds
3824,メディアファイブ,福証QB,情報通信,2018-10-15,165,120,1024,1024,904,50100,977,743,1930.0000000000000000,1024,0.31493943472409152086,0.0481064483111566,25.9585492227979275,2580,2347,1350,902,6130,1324,1.51953125,1.29199219,0.31835938,-0.11914062,4.98632812,0.29296875,trend,future_max_and_confirm_return_cleared_thresholds
3837,アドソル日進,東証一部,情報通信,2019-07-24,379,120,1843,1856,1803,144600,1801,1408,58435.000000000000,1843,0.27911931818181818182,0.0233203775680178,2.4745443655343544,2129,2271,2491,2289,2671,1861,0.15518177,0.23223006,0.35160065,0.24199674,0.44926750,0.00976668,trend,future_max_and_confirm_return_cleared_thresholds
3914,JIG-SAW,東証マザ,情報通信,2020-10-13,674,120,6290,6380,5820,271200,6090,4540,133885.000000000000,6290,0.34140969162995594714,0.0328407224958949,2.0256190013817829,9090,12110,15660,7370,18200,6550,0.44515103,0.92527822,1.48966614,0.17170111,1.89348172,0.04133545,trend,future_max_and_confirm_return_cleared_thresholds
3930,はてな,東証マザ,情報通信,2018-09-28,183,120,2019,2066,1977,119100,1950,1570,18665.000000000000,2019,0.24203821656050955414,0.0353846153846154,6.3809268684703991,1840,2850,4170,2650,5350,1836,-0.08865775,0.41158990,1.06537890,0.31253096,1.64982665,-0.09063893,trend,future_max_and_confirm_return_cleared_thresholds
3960,バリューデザイン,東証マザ,情報通信,2020-01-07,488,120,2245,2419,2170,59600,2170,1638,16725.000000000000,2245,0.32478632478632478632,0.0345622119815668,3.5635276532137519,2536,3020,3420,3250,4980,2124,0.12962138,0.34521158,0.52338530,0.44766147,1.21826281,-0.05389755,trend,future_max_and_confirm_return_cleared_thresholds
3981,ビーグリー,東証一部,情報通信,2019-11-12,452,120,1040,1045,992,77000,996,776,28910.000000000000,1040,0.28350515463917525773,0.0441767068273092,2.6634382566585956,1313,1291,1493,2200,2434,1002,0.26250000,0.24134615,0.43557692,1.11538462,1.34038462,-0.03653846,trend,future_max_and_confirm_return_cleared_thresholds
4041,日本曹達,東証一部,化学,2018-09-20,178,120,712,737,702,1516000,685,588,398700.000000000000,712,0.16496598639455782313,0.0394160583941606,3.8023576624028091,3170,2796,2999,2605,3630,726,3.45224719,2.92696629,3.21207865,2.65870787,4.09831461,0.01966292,trend,future_max_and_confirm_return_cleared_thresholds
4063,信越化学工業,東証一部,化学,2020-11-09,692,120,15100,15240,14750,1252400,14680,11780,778860.000000000000,15100,0.24617996604414261460,0.02861035422343324251,1.6079911665767917,17150,18080,18575,20460,21365,15065,0.13576159,0.19735099,0.23013245,0.35496689,0.41490066,-0.00231788,trend,future_max_and_confirm_return_cleared_thresholds
4187,大阪有機化学工業,東証一部,化学,2019-10-30,444,120,1218,1239,1176,140800,1165,901,33935.000000000000,1218,0.29300776914539400666,0.0454935622317597,4.1491085899513776,1447,1807,1704,2854,3015,1195,0.18801314,0.48357964,0.39901478,1.34318555,1.47536946,-0.01888342,trend,future_max_and_confirm_return_cleared_thresholds
4251,恵和,東証二部,化学,2020-12-03,266,120,1922,1977,1703,551700,1720,1280,98500.000000000000,1922,0.34375000000000000000,0.1174418604651163,5.6010152284263959,2003,2024,3085,6010,6560,1835,0.04214360,0.05306972,0.60509886,2.12695109,2.41311134,-0.04526535,trend,future_max_and_confirm_return_cleared_thresholds
4308,Jストリーム,東証マザ,情報通信,2019-12-13,475,120,610,610,555,441800,576,503,31455.000000000000,610,0.14512922465208747515,0.0590277777777778,14.0454617707836592,907,837,2004,5280,6420,599,0.48688525,0.37213115,2.28524590,7.65573770,9.52459016,-0.01803279,trend,future_max_and_confirm_return_cleared_thresholds
4326,インテージホールディングス,東証一部,情報通信,2020-09-18,660,120,979,979,921,132900,935,739,33165.000000000000,979,0.26522327469553450609,0.0470588235294118,4.0072365445499774,962,1105,1360,1689,1689,946,-0.01736466,0.12870276,0.38917263,0.72522983,0.72522983,-0.03370787,trend,future_max_and_confirm_return_cleared_thresholds
4350,メディカルシステムネットワーク,東証一部,小売,2020-11-10,693,120,579,618,555,1077400,524,438,35120.000000000000,579,0.19634703196347031963,0.1049618320610687,30.6776765375854214,651,755,718,720,929,559,0.12435233,0.30397237,0.24006908,0.24352332,0.60449050,-0.03454231,trend,future_max_and_confirm_return_cleared_thresholds
4364,マナック,東証二部,化学,2019-11-25,459,120,570,588,555,74100,557,488,11255.000000000000,570,0.14139344262295081967,0.0233393177737882,6.5837405597512217,622,1105,949,1028,2014,564,0.09122807,0.93859649,0.66491228,0.80350877,2.53333333,-0.01052632,trend,future_max_and_confirm_return_cleared_thresholds
4406,新日本理化,東証一部,化学,2020-12-04,710,120,188,193,170,687200,184,151,94100.000000000000,188,0.21854304635761589404,0.0217391304347826,7.3028692879914984,258,263,285,248,398,223,0.37234043,0.39893617,0.51595745,0.31914894,1.11702128,0.18617021,trend,future_max_and_confirm_return_cleared_thresholds
4423,アルテリア・ネットワークス,東証一部,情報通信,2019-08-19,163,120,1396,1428,1338,767500,1347,1016,219820.000000000000,1396,0.32578740157480314961,0.0363771343726800,3.4914930397598035,1372,1505,1885,1862,2220,1352,-0.01719198,0.07808023,0.35028653,0.33381089,0.59025788,-0.03151862,trend,future_max_and_confirm_return_cleared_thresholds
4465,ニイタカ,東証一部,化学,2019-12-26,484,120,1864,1864,1799,17900,1816,1400,14130.000000000000,1864,0.29714285714285714286,0.0264317180616740,1.26680820948336871904,2881,3005,5980,3105,6220,1772,0.54560086,0.61212446,2.20815451,0.66577253,2.33690987,-0.04935622,trend,future_max_and_confirm_return_cleared_thresholds
4506,大日本住友製薬,東証一部,医薬品,2020-12-29,727,120,1506,1573,1378,5778600,1447,1186,778605.000000000000,1506,0.22006745362563237774,0.0407740152038701,7.4217350261043790,1697,1998,2322,1385,2359,1479,0.12682603,0.32669323,0.54183267,-0.08034529,0.56640106,-0.01792829,trend,future_max_and_confirm_return_cleared_thresholds
4519,中外製薬,東証一部,医薬品,2019-09-25,421,120,8410,8450,8310,959900,8220,6750,732490.000000000000,8410,0.21777777777777777778,0.0231143552311436,1.3104615762672528,8790,10030,11275,4805,17465,8090,0.04518430,0.19262782,0.34066587,-0.42865636,1.07669441,-0.03804994,trend,future_max_and_confirm_return_cleared_thresholds
4528,小野薬品工業,東証一部,医薬品,2019-11-05,447,120,2118.5,2120,2076,1986500,2071,1858.5,1200220.000000000000,2118.5,0.11433952111918213613,0.0229357798165138,1.6551132292413058,2465.5,2594.5,2574,2972,3391,2109,0.16379514,0.22468728,0.21501062,0.40287940,0.60066084,-0.00448430,trend,future_max_and_confirm_return_cleared_thresholds
4531,有機合成薬品工業,東証一部,化学,2019-10-29,443,120,273,274,242,632300,248,217,15855.000000000000,273,0.14285714285714285714,0.1008064516129032,39.8801639861242510,302,283,457,317,457,279,0.10622711,0.03663004,0.67399267,0.16117216,0.67399267,0.02197802,trend,future_max_and_confirm_return_cleared_thresholds
4552,JCRファーマ,東証一部,医薬品,2019-07-30,383,120,7480,7490,7250,187900,7260,5560,95305.000000000000,7480,0.30575539568345323741,0.0303030303030303,1.9715649756046377,7940,8420,9540,10470,12750,7210,0.06149733,0.12566845,0.27540107,0.39973262,0.70454545,-0.03609626,trend,future_max_and_confirm_return_cleared_thresholds
4558,中京医薬品,JQS,医薬品,2020-01-22,498,120,302,302,224,1294000,279,218,15380.000000000000,302,0.27981651376146788991,0.0824372759856631,84.1352405721716515,965,536,415,384,1342,305,2.19536424,0.77483444,0.37417219,0.27152318,3.44370861,0.00993377,trend,future_max_and_confirm_return_cleared_thresholds
4574,大幸薬品,東証一部,医薬品,2019-09-13,415,120,2395,2395,2289,74000,2342,1744,22690.000000000000,2395,0.34288990825688073394,0.0226302305721605,3.2613486117232261,2688,3010,3790,2330,6010,2314,0.12233820,0.25678497,0.58246347,-0.02713987,1.50939457,-0.03382046,trend,future_max_and_confirm_return_cleared_thresholds
4651,サニックス,東証一部,サービス,2019-08-23,400,120,290,292,254,4799900,269,201,506845.000000000000,290,0.33830845771144278607,0.0780669144981413,9.4701535972535982,402,376,420,269,461,297,0.38620690,0.29655172,0.44827586,-0.07241379,0.58965517,0.02413793,trend,future_max_and_confirm_return_cleared_thresholds
4690,日本パレットプール,JQS,サービス,2019-11-05,279,120,2361,2362,2091,51700,2050,1800,1500.0000000000000000,2361,0.13888888888888888889,0.1517073170731707,34.4666666666666667,3165,3705,4135,4590,5510,2401,0.34053367,0.56925032,0.75137654,0.94409149,1.33375688,0.01694197,trend,future_max_and_confirm_return_cleared_thresholds
4699,ウチダエスコ,JQS,サービス,2019-11-01,432,120,2048,2048,2015,1300,2006,1544,825.0000000000000000,2048,0.29922279792746113990,0.0209371884346959,1.5757575757575758,4160,4280,3590,3925,6500,2048,1.03125000,1.08984375,0.75292969,0.91650391,2.17382812,0.00000000,trend,future_max_and_confirm_return_cleared_thresholds
4776,サイボウズ,東証一部,情報通信,2019-03-22,298,120,803,803,765,502200,768,596,273110.000000000000,803,0.28859060402684563758,0.0455729166666667,1.8388195232690125,1011,1369,1048,1404,2351,798,0.25902864,0.70485679,0.30510585,0.74844334,1.92777086,-0.00622665,trend,future_max_and_confirm_return_cleared_thresholds
4800,オリコン,JQS,情報通信,2018-08-17,155,120,399,399,379,261400,377,321,82645.000000000000,399,0.17445482866043613707,0.0583554376657825,3.1629257668340492,390,454,544,1640,1688,363,-0.02255639,0.13784461,0.36340852,3.11027569,3.23057644,-0.09022556,trend,future_max_and_confirm_return_cleared_thresholds
4800,オリコン,JQS,情報通信,2019-02-05,267,120,520,532,480,1251200,484,361,81735.000000000000,520,0.34072022160664819945,0.0743801652892562,15.3080075854896923,709,797,1259,1316,1872,523,0.36346154,0.53269231,1.42115385,1.53076923,2.60000000,0.00576923,trend,future_max_and_confirm_return_cleared_thresholds
4812,電通国際情報サービス,東証一部,情報通信,2019-11-29,465,120,4145,4160,4010,121700,3995,3170,69855.000000000000,4145,0.26025236593059936909,0.0375469336670839,1.7421802304774175,4335,4575,5220,6900,6940,4175,0.04583836,0.10373945,0.25934861,0.66465621,0.67430639,0.00723764,trend,future_max_and_confirm_return_cleared_thresholds
4828,東洋ビジネスエンジニアリング,東証一部,情報通信,2019-08-02,386,120,2479,2670,2388,195500,2337,1885,3930.0000000000000000,2479,0.23978779840848806366,0.0607616602481814,49.7455470737913486,2646,3360,3280,2571,3550,2461,0.06736587,0.35538524,0.32311416,0.03711174,0.43202904,-0.00726099,trend,future_max_and_confirm_return_cleared_thresholds
4901,富士フイルムホールディングス,東証一部,化学,2020-11-11,694,120,5660,5660,5552,4613000,5514,4610,1862535.000000000000,5660,0.19609544468546637744,0.0264780558578165,2.4767319808755272,5611,6204,7017,9503,10015,5212,-0.00865724,0.09611307,0.23975265,0.67897527,0.76943463,-0.07915194,trend,future_max_and_confirm_return_cleared_thresholds
4978,リプロセル,JQG,化学,2020-01-27,501,120,248,266,212,13654300,237,196,322785.000000000000,248,0.20918367346938775510,0.0464135021097046,42.3015319794909925,350,368,409,425,505,243,0.41129032,0.48387097,0.64919355,0.71370968,1.03629032,-0.02016129,trend,future_max_and_confirm_return_cleared_thresholds
5201,AGC,東証一部,ガラス土石,2020-12-18,720,120,3755,3755,3650,2142700,3635,2955,857560.000000000000,3755,0.23011844331641285956,0.0330123796423659,2.4986006810019124,3920,4375,4900,5590,6010,3555,0.04394141,0.16511318,0.30492676,0.48868176,0.60053262,-0.05326232,trend,future_max_and_confirm_return_cleared_thresholds
5202,日本板硝子,東証一部,ガラス土石,2020-12-15,717,120,460,461,441,1570600,447,344,1138060.000000000000,460,0.29941860465116279070,0.0290827740492170,1.3800678347363056,503,591,643,536,771,456,0.09347826,0.28478261,0.39782609,0.16521739,0.67608696,-0.00869565,trend,future_max_and_confirm_return_cleared_thresholds
5269,日本コンクリート工業,東証一部,ガラス土石,2020-09-18,660,120,311,311,304,201200,304,233,116745.000000000000,311,0.30472103004291845494,0.0230263157894737,1.7234142789841107,310,322,438,325,443,302,-0.00321543,0.03536977,0.40836013,0.04501608,0.42443730,-0.02893891,trend,future_max_and_confirm_return_cleared_thresholds
5273,三谷セキサン,東証一部,ガラス土石,2019-10-02,426,120,3400,3435,3260,10400,3280,2630,8120.0000000000000000,3400,0.24714828897338403042,0.0365853658536585,1.2807881773399015,3575,3610,4230,6080,6580,3290,0.05147059,0.06176471,0.24411765,0.78823529,0.93529412,-0.03235294,trend,future_max_and_confirm_return_cleared_thresholds
5273,三谷セキサン,東証一部,ガラス土石,2020-03-23,538,120,4310,4365,3895,41700,4065,3175,20625.000000000000,4310,0.28031496062992125984,0.0602706027060271,2.0218181818181818,4380,5480,6070,4280,6580,4080,0.01624130,0.27146172,0.40835267,-0.00696056,0.52668213,-0.05336427,trend,future_max_and_confirm_return_cleared_thresholds
5279,日本興業,JQS,ガラス土石,2019-07-01,355,120,705,733,634,96700,666,538,1915.0000000000000000,705,0.23791821561338289963,0.0585585585585586,50.4960835509138381,712,703,949,727,1164,657,0.00992908,-0.00283688,0.34609929,0.03120567,0.65106383,-0.06808511,trend,future_max_and_confirm_return_cleared_thresholds
5290,ベルテクスコーポレーション,東証二部,ガラス土石,2019-05-29,157,120,1298,1298,1251,31200,1271,983,21475.000000000000,1298,0.29298067141403865717,0.0212431156569630,1.4528521536670547,1559,1377,1793,1689,2250,1238,0.20107858,0.06086287,0.38135593,0.30123267,0.73343606,-0.04622496,trend,future_max_and_confirm_return_cleared_thresholds
5301,東海カーボン,東証一部,ガラス土石,2020-09-15,657,120,1114,1134,1094,5768500,1081,831,2053425.000000000000,1114,0.30084235860409145608,0.0305272895467160,2.8092090044681447,1192,1204,1758,1607,1916,1110,0.07001795,0.08078995,0.57809695,0.44254937,0.71992819,-0.00359066,trend,future_max_and_confirm_return_cleared_thresholds
5310,東洋炭素,東証一部,ガラス土石,2020-12-17,719,120,1954,1974,1896,104800,1898,1582,46045.000000000000,1954,0.19974715549936788875,0.0295047418335090,2.2760343142577913,2046,2156,2816,3380,3380,1890,0.04708291,0.10337769,0.44114637,0.72978506,0.72978506,-0.03275333,trend,future_max_and_confirm_return_cleared_thresholds
5357,ヨータイ,東証一部,ガラス土石,2020-09-25,663,120,781,787,738,209000,754,588,28405.000000000000,781,0.28231292517006802721,0.0358090185676393,7.3578595317725753,781,840,1025,1390,1412,772,0.00000000,0.07554417,0.31241997,0.77976953,0.80793854,-0.01152369,trend,future_max_and_confirm_return_cleared_thresholds
5388,クニミネ工業,東証一部,ガラス土石,2019-08-01,385,120,919,927,900,29000,900,782,13000.000000000000,919,0.15089514066496163683,0.0211111111111111,2.2307692307692308,855,1025,1299,977,1428,839,-0.06964091,0.11534276,0.41349293,0.06311208,0.55386289,-0.08705114,trend,future_max_and_confirm_return_cleared_thresholds
5406,神戸製鋼所,東証一部,鉄鋼,2020-11-06,691,120,461,464,425,16559000,451,338,4372480.000000000000,461,0.33431952662721893491,0.0221729490022173,3.7870956528103044,524,521,875,670,912,459,0.13665944,0.13015184,0.89804772,0.45336226,0.97830803,-0.00433839,trend,future_max_and_confirm_return_cleared_thresholds
5471,大同特殊鋼,東証一部,鉄鋼,2020-11-11,694,120,4005,4095,3965,230000,3920,2961,95400.000000000000,4005,0.32387706855791962175,0.0216836734693878,2.4109014675052411,4480,4765,5810,4300,6160,4030,0.11860175,0.18976280,0.45068664,0.07365793,0.53807740,0.00624220,trend,future_max_and_confirm_return_cleared_thresholds
5609,日本鋳造,東証二部,鉄鋼,2020-09-08,651,120,680,680,580,15600,623,475,2575.0000000000000000,680,0.31157894736842105263,0.0914927768860353,6.0582524271844660,700,666,863,863,1039,650,0.02941176,-0.02058824,0.26911765,0.26911765,0.52794118,-0.04411765,trend,future_max_and_confirm_return_cleared_thresholds
5697,サンユウ,東証二部,鉄鋼,2020-12-11,713,120,380,380,361,15000,365,326,9020.0000000000000000,380,0.11963190184049079755,0.0410958904109589,1.6629711751662971,356,390,465,579,620,342,-0.06315789,0.02631579,0.22368421,0.52368421,0.63157895,-0.10000000,trend,future_max_and_confirm_return_cleared_thresholds
5699,イボキン,JQS,鉄鋼,2020-12-02,564,120,2030,2030,1946,5200,1945,1513,3555.0000000000000000,2030,0.28552544613350958361,0.0437017994858612,1.4627285513361463,2177,2356,2607,5200,6680,1912,0.07241379,0.16059113,0.28423645,1.56157635,2.29064039,-0.05812808,trend,future_max_and_confirm_return_cleared_thresholds
5713,住友金属鉱山,東証一部,非鉄金属,2020-11-11,694,120,3748,3806,3671,2432400,3649,2770,1018670.000000000000,3748,0.31732851985559566787,0.0271307207454097,2.3878194115856951,4258,4978,5099,4475,5578,3646,0.13607257,0.32817503,0.36045891,0.19397012,0.48826041,-0.02721451,trend,future_max_and_confirm_return_cleared_thresholds
5727,東邦チタニウム,東証一部,非鉄金属,2020-12-10,714,120,787,796,760,507600,753,560,253950.000000000000,787,0.34464285714285714286,0.0451527224435591,1.9988186650915535,993,993,970,980,1289,794,0.26175349,0.26175349,0.23252859,0.24523507,0.63786531,0.00889454,trend,future_max_and_confirm_return_cleared_thresholds
5803,フジクラ,東証一部,非鉄金属,2020-11-04,689,120,362,363,335,21686100,349,275,2247100.000000000000,362,0.26909090909090909091,0.0372492836676218,9.6507053535668195,460,525,563,616,712,373,0.27071823,0.45027624,0.55524862,0.70165746,0.96685083,0.03038674,trend,future_max_and_confirm_return_cleared_thresholds
5816,オーナンバ,東証二部,非鉄金属,2020-11-09,691,120,406,412,392,63700,393,311,14900.000000000000,406,0.26366559485530546624,0.0330788804071247,4.2751677852348993,400,586,617,677,806,387,-0.01477833,0.44334975,0.51970443,0.66748768,0.98522167,-0.04679803,trend,future_max_and_confirm_return_cleared_thresholds
5902,ホッカンホールディングス,東証一部,金属製品,2018-08-10,150,120,414,415,403,160000,404,350,57650.000000000000,414,0.15428571428571428571,0.0247524752475248,2.7753686036426713,422,1747,1728,1546,2360,402,0.01932367,3.21980676,3.17391304,2.73429952,4.70048309,-0.02898551,trend,future_max_and_confirm_return_cleared_thresholds
5906,エムケー精工,JQS,金属製品,2020-10-20,679,120,377,377,360,38000,360,273,19080.000000000000,377,0.31868131868131868132,0.0472222222222222,1.9916142557651992,389,467,502,413,577,358,0.03183024,0.23872679,0.33156499,0.09549072,0.53050398,-0.05039788,trend,future_max_and_confirm_return_cleared_thresholds
5907,JFEコンテイナー,東証二部,金属製品,2020-11-18,585,120,3900,3900,3825,800,3820,3275,415.0000000000000000,3900,0.16641221374045801527,0.0209424083769634,1.9277108433734940,4065,5960,4965,4345,6600,3910,0.04230769,0.52820513,0.27307692,0.11410256,0.69230769,0.00256410,trend,future_max_and_confirm_return_cleared_thresholds
5922,那須電機鉄工,東証二部,金属製品,2019-08-13,345,120,4935,5130,4900,25000,4820,3800,970.0000000000000000,4935,0.26842105263157894737,0.0238589211618257,25.7731958762886598,8160,11960,14630,6520,19740,5530,0.65349544,1.42350557,1.96453901,0.32117528,3.00000000,0.12056738,trend,future_max_and_confirm_return_cleared_thresholds
5939,大谷工業,JQS,金属製品,2019-12-05,193,120,4350,4350,4205,500,4200,3580,270.0000000000000000,4350,0.17318435754189944134,0.0357142857142857,1.8518518518518519,11920,6570,6350,5080,15550,5050,1.74022989,0.51034483,0.45977011,0.16781609,2.57471264,0.16091954,trend,future_max_and_confirm_return_cleared_thresholds
5986,モリテックスチール,東証一部,金属製品,2020-11-24,702,120,359,380,302,2737700,333,258,42085.000000000000,359,0.29069767441860465116,0.0780780780780781,65.0516811215397410,431,420,458,408,649,415,0.20055710,0.16991643,0.27576602,0.13649025,0.80779944,0.15598886,trend,future_max_and_confirm_return_cleared_thresholds
6005,三浦工業,東証一部,機械,2019-11-06,448,120,3635,3775,3525,829300,3410,2645,206750.000000000000,3635,0.28922495274102079395,0.0659824046920821,4.0111245465538089,3690,4220,4520,4990,5250,3550,0.01513067,0.16093535,0.24346630,0.37276479,0.44429161,-0.02338377,trend,future_max_and_confirm_return_cleared_thresholds
6195,ホープ,東証マザ,サービス,2019-05-28,332,120,1315,1315,1315,7400,1157,890,1095.0000000000000000,1315,0.30000000000000000000,0.1365600691443388,6.7579908675799087,1762,3910,7150,2860,10920,1615,0.33992395,1.97338403,4.43726236,1.17490494,7.30418251,0.22813688,trend,future_max_and_confirm_return_cleared_thresholds
6199,セラク,東証一部,サービス,2019-07-17,374,120,714,734,695,165700,700,532,77800.000000000000,714,0.31578947368421052632,0.0200000000000000,2.1298200514138817,768,712,1211,1124,1336,670,0.07563025,-0.00280112,0.69607843,0.57422969,0.87114846,-0.06162465,trend,future_max_and_confirm_return_cleared_thresholds
6246,テクノスマート,東証二部,機械,2020-11-09,692,120,941,942,892,88100,903,712,23200.000000000000,941,0.26825842696629213483,0.0420819490586932,3.7974137931034483,1056,1027,1347,1713,1713,907,0.12221041,0.09139214,0.43145590,0.82040383,0.82040383,-0.03613177,trend,future_max_and_confirm_return_cleared_thresholds
6291,日本エアーテック,東証一部,機械,2019-11-08,450,120,701,704,687,39200,687,556,12025.000000000000,701,0.23561151079136690647,0.0203784570596798,3.2598752598752599,707,869,1096,1753,1804,699,0.00855920,0.23965763,0.56348074,1.50071327,1.57346648,-0.00285307,trend,future_max_and_confirm_return_cleared_thresholds
6299,神鋼環境ソリューション,東証二部,機械,2020-10-05,667,120,2048,2073,2027,49600,1918,1660,3185.0000000000000000,2048,0.15542168674698795181,0.0677789363920751,15.5729984301412873,2110,2111,2523,3375,3620,1968,0.03027344,0.03076172,0.23193359,0.64794922,0.76757812,-0.03906250,trend,future_max_and_confirm_return_cleared_thresholds
6328,荏原実業,東証一部,機械,2020-05-25,579,120,2486,2498,2374,65000,2304,1823,20400.000000000000,2486,0.26385079539221064180,0.0789930555555556,3.1862745098039216,2868,2850,3790,5860,5860,2484,0.15366050,0.14641995,0.52453741,1.35720032,1.35720032,-0.00080451,trend,future_max_and_confirm_return_cleared_thresholds
6331,三菱化工機,東証一部,機械,2020-10-27,684,120,2009,2009,1902,89600,1932,1578,25410.000000000000,2009,0.22433460076045627376,0.0398550724637681,3.5261707988980716,2308,3325,2785,2430,3690,1930,0.14883026,0.65505226,0.38626182,0.20955699,0.83673469,-0.03932305,trend,future_max_and_confirm_return_cleared_thresholds
6361,荏原製作所,東証一部,機械,2020-11-17,698,120,3160,3165,3075,635600,3065,2353,358230.000000000000,3160,0.30259243518912027199,0.0309951060358891,1.7742790944365352,3420,4200,5040,6280,6470,3115,0.08227848,0.32911392,0.59493671,0.98734177,1.04746835,-0.01424051,trend,future_max_and_confirm_return_cleared_thresholds
6365,電業社機械製作所,東証二部,機械,2020-06-17,582,120,2720,2801,2360,17900,2479,2010,1490.0000000000000000,2720,0.23333333333333333333,0.0972166196046793,12.0134228187919463,2706,3095,3555,3760,4330,2631,-0.00514706,0.13786765,0.30698529,0.38235294,0.59191176,-0.03272059,trend,future_max_and_confirm_return_cleared_thresholds
6371,椿本チエイン,東証一部,機械,2018-07-30,141,120,1048,1056,1000,4507000,950,832,770400.000000000000,1048,0.14182692307692307692,0.1031578947368421,5.8502076843198339,978,4345,4025,3615,5440,948,-0.06679389,3.14599237,2.84064885,2.44942748,4.19083969,-0.09541985,trend,future_max_and_confirm_return_cleared_thresholds
6373,大同工業,東証一部,機械,2020-11-11,694,120,729,729,695,19700,707,560,7445.0000000000000000,729,0.26250000000000000000,0.0311173974540311,2.6460711887172599,668,790,875,1005,1247,663,-0.08367627,0.08367627,0.20027435,0.37860082,0.71056241,-0.09053498,trend,future_max_and_confirm_return_cleared_thresholds
6378,木村化工機,東証一部,機械,2020-11-24,702,120,515,517,487,237100,492,402,182755.000000000000,515,0.22388059701492537313,0.0467479674796748,1.2973653251621023,538,657,870,830,929,498,0.04466019,0.27572816,0.68932039,0.61165049,0.80388350,-0.03300971,trend,future_max_and_confirm_return_cleared_thresholds
6458,新晃工業,東証一部,機械,2020-11-10,693,120,1631,1639,1601,115000,1597,1343,42415.000000000000,1631,0.18912881608339538347,0.0212899185973701,2.7113049628669103,1696,1947,2335,2054,2377,1602,0.03985285,0.19374617,0.43163703,0.25935009,0.45738811,-0.01778050,trend,future_max_and_confirm_return_cleared_thresholds
6466,東亜バルブエンジニアリング,東証二部,機械,2019-11-05,402,120,1295,1329,1230,31800,1220,1112,1150.0000000000000000,1295,0.09712230215827338129,0.0614754098360656,27.6521739130434783,1598,1697,1749,1860,1933,1306,0.23397683,0.31042471,0.35057915,0.43629344,0.49266409,0.00849421,trend,future_max_and_confirm_return_cleared_thresholds
6470,大豊工業,東証一部,機械,2020-12-08,712,120,664,665,638,60500,647,490,48905.000000000000,664,0.32040816326530612245,0.0262751159196291,1.2370923218484818,755,901,1126,745,1128,648,0.13704819,0.35692771,0.69578313,0.12198795,0.69879518,-0.02409639,trend,future_max_and_confirm_return_cleared_thresholds
6486,イーグル工業,東証一部,機械,2020-10-22,681,120,890,896,857,612500,838,622,107160.000000000000,890,0.34726688102893890675,0.0620525059665871,5.7157521463232549,899,985,1216,1213,1351,828,0.01011236,0.10674157,0.36629213,0.36292135,0.51797753,-0.06966292,trend,future_max_and_confirm_return_cleared_thresholds
6497,ハマイ,JQS,機械,2020-06-16,528,120,1051,1059,1035,2400,1023,771,1085.0000000000000000,1051,0.32684824902723735409,0.0273704789833822,2.2119815668202765,1004,1145,1330,962,1734,970,-0.04471931,0.08943863,0.26546147,-0.08468126,0.64985728,-0.07706946,trend,future_max_and_confirm_return_cleared_thresholds
6501,日立製作所,東証一部,電気機器,2020-11-10,693,120,3880,3938,3720,9404700,3768,3089,2812210.000000000000,3880,0.21981223696989316931,0.0297239915074310,3.3442381614459802,4209,4997,5269,6767,6933,3872,0.08479381,0.28788660,0.35798969,0.74407216,0.78685567,-0.00206186,trend,future_max_and_confirm_return_cleared_thresholds
6504,富士電機,東証一部,電気機器,2018-09-18,176,120,913,915,892,4949000,895,709,3399000.000000000000,913,0.26234132581100141044,0.0201117318435754,1.4560164754339512,4060,3445,3335,3455,4675,920,3.44687842,2.77327492,2.65279299,2.78422782,4.12048193,0.00766703,trend,future_max_and_confirm_return_cleared_thresholds
6517,デンヨー,東証一部,電気機器,2019-07-01,363,120,1516,1518,1446,31800,1472,1269,20235.000000000000,1516,0.15996847911741528763,0.0298913043478261,1.5715344699777613,1580,1767,2055,1865,2225,1451,0.04221636,0.16556728,0.35554090,0.23021108,0.46767810,-0.04287599,trend,future_max_and_confirm_return_cleared_thresholds
6590,芝浦メカトロニクス,東証一部,電気機器,2020-11-06,691,120,3500,3500,3200,112500,3230,2582,17325.000000000000,3500,0.25096824167312161115,0.0835913312693498,6.4935064935064935,4300,5640,6110,7310,8510,3555,0.22857143,0.61142857,0.74571429,1.08857143,1.43142857,0.01571429,trend,future_max_and_confirm_return_cleared_thresholds
6638,ミマキエンジニアリング,東証一部,電気機器,2020-09-24,662,120,447,447,436,50000,436,365,29940.000000000000,447,0.19452054794520547945,0.0252293577981651,1.6700066800267201,411,489,640,947,960,406,-0.08053691,0.09395973,0.43176734,1.11856823,1.14765101,-0.09172260,trend,future_max_and_confirm_return_cleared_thresholds
6674,ジーエス・ユアサコーポレーション,東証一部,電気機器,2020-11-10,693,120,2059,2109,2031,659500,2018,1617,332545.000000000000,2059,0.24799010513296227582,0.0203171456888008,1.9831902449292577,2702,3445,2879,2505,3500,2098,0.31228752,0.67314230,0.39825158,0.21661000,0.69985430,0.01894123,trend,future_max_and_confirm_return_cleared_thresholds
6697,テックポイント・インク（外国株）,東証マザ,電気機器,2020-11-19,700,120,570,600,514,331900,539,435,15750.000000000000,570,0.23908045977011494253,0.0575139146567718,21.0730158730158730,698,1143,2103,1909,2363,611,0.22456140,1.00526316,2.68947368,2.34912281,3.14561404,0.07192982,trend,future_max_and_confirm_return_cleared_thresholds
6702,富士通,東証一部,電気機器,2019-07-26,381,120,8597,8724,8499,3930500,8158,7190,647935.000000000000,8597,0.13463143254520166898,0.0538122088747242,6.0661949115266192,8262,9011,10790,14370,14370,8084,-0.03896708,0.04815633,0.25508898,0.67151332,0.67151332,-0.05967198,trend,future_max_and_confirm_return_cleared_thresholds
6702,富士通,東証一部,電気機器,2020-12-29,727,120,15070,15125,14690,996100,14670,12225,618815.000000000000,15070,0.20000000000000000000,0.02726653033401499659,1.6096894871649847,16020,16280,20440,19625,22075,14845,0.06303915,0.08029197,0.35633709,0.30225614,0.46483079,-0.01493033,trend,future_max_and_confirm_return_cleared_thresholds
6707,サンケン電気,東証一部,電気機器,2020-10-07,670,120,2835,2858,2646,258700,2648,1980,89730.000000000000,2835,0.33737373737373737374,0.0706193353474320,2.8830937256213084,3200,4495,5360,6290,6880,2644,0.12874780,0.58553792,0.89065256,1.21869489,1.42680776,-0.06737213,trend,future_max_and_confirm_return_cleared_thresholds
6709,明星電気,東証二部,電気機器,2018-08-24,160,120,116,116,112,1248000,113,94,642500.000000000000,116,0.20212765957446808511,0.0265486725663717,1.9424124513618677,107,791,618,608,1046,107,-0.07758621,5.81896552,4.32758621,4.24137931,8.01724138,-0.07758621,trend,future_max_and_confirm_return_cleared_thresholds
6718,アイホン,東証一部,電気機器,2020-11-24,702,120,1690,1710,1640,34100,1611,1331,20950.000000000000,1690,0.21036814425244177310,0.0490378646803228,1.6276849642004773,1709,1753,2175,2262,2575,1539,0.01124260,0.03727811,0.28698225,0.33846154,0.52366864,-0.08934911,trend,future_max_and_confirm_return_cleared_thresholds
6734,ニューテック,JQS,電気機器,2019-09-30,411,120,1024,1024,1024,8700,920,754,1265.0000000000000000,1024,0.22015915119363395225,0.1130434782608696,6.8774703557312253,1008,1311,1877,2281,3330,966,-0.01562500,0.28027344,0.83300781,1.22753906,2.25195312,-0.05664062,trend,future_max_and_confirm_return_cleared_thresholds
6750,エレコム,東証一部,電気機器,2019-02-05,267,120,3155,3180,3060,129200,3075,2536,97215.000000000000,3155,0.21253943217665615142,0.0260162601626016,1.3290130123952065,3405,3385,3870,4405,4715,3150,0.07923930,0.07290016,0.22662441,0.39619651,0.49445325,-0.00158479,trend,future_max_and_confirm_return_cleared_thresholds
6757,OSGコーポレーション,JQS,電気機器,2019-09-10,412,120,914,914,884,175500,768,691,2805.0000000000000000,914,0.11143270622286541245,0.1901041666666667,62.5668449197860963,1510,2331,1245,2311,2413,928,0.65207877,1.55032823,0.36214442,1.52844639,1.64004376,0.01531729,trend,future_max_and_confirm_return_cleared_thresholds
6785,鈴木,東証一部,電気機器,2020-11-11,694,120,861,861,829,421200,794,635,11385.000000000000,861,0.25039370078740157480,0.0843828715365239,36.9960474308300395,1064,1104,1171,910,1273,884,0.23577236,0.28222997,0.36004646,0.05691057,0.47851336,0.02671312,trend,future_max_and_confirm_return_cleared_thresholds
6789,ローランドディー.ジー.,東証一部,電気機器,2020-11-11,694,120,1461,1488,1405,209500,1402,1105,37045.000000000000,1461,0.26877828054298642534,0.0420827389443652,5.6552841139155082,1880,1789,1848,3155,3335,1552,0.28678987,0.22450376,0.26488706,1.15947981,1.28268309,0.06228611,trend,future_max_and_confirm_return_cleared_thresholds
6806,ヒロセ電機,東証一部,電気機器,2020-09-23,661,120,13460,13610,12740,294700,13060,10380,66665.000000000000,13460,0.25818882466281310212,0.03062787136294027565,4.4206105152628816,14940,15110,17820,19790,19870,13340,0.10995542,0.12258544,0.32392273,0.47028232,0.47622585,-0.00891530,trend,future_max_and_confirm_return_cleared_thresholds
6822,大井電気,JQS,電気機器,2019-12-03,442,120,2246,2246,2111,3800,2189,1871,850.0000000000000000,2246,0.16996258685195082843,0.0260392873458200,4.4705882352941176,4010,2488,3530,2595,4740,2380,0.78539626,0.10774711,0.57168299,0.15538736,1.11041852,0.05966162,trend,future_max_and_confirm_return_cleared_thresholds
6823,リオン,東証一部,電気機器,2019-07-31,384,120,2415,2436,2304,145900,2234,1702,18465.000000000000,2415,0.31257344300822561692,0.0810205908683975,7.9014351475764961,2209,2678,3605,2017,3845,2176,-0.08530021,0.10890269,0.49275362,-0.16480331,0.59213251,-0.09896480,trend,future_max_and_confirm_return_cleared_thresholds
6882,三社電機製作所,東証二部,電気機器,2020-11-24,702,120,680,706,641,295900,626,525,24890.000000000000,680,0.19238095238095238095,0.0862619808306709,11.8883085576536762,742,879,926,1062,1206,674,0.09117647,0.29264706,0.36176471,0.56176471,0.77352941,-0.00882353,trend,future_max_and_confirm_return_cleared_thresholds
6899,ASTI,東証二部,電気機器,2020-11-24,702,120,1497,1550,1392,179200,1441,1190,7640.0000000000000000,1497,0.21092436974789915966,0.0388619014573213,23.4554973821989529,1445,1975,2852,1912,3265,1400,-0.03473614,0.31930528,0.90514362,0.27722111,1.18102872,-0.06479626,trend,future_max_and_confirm_return_cleared_thresholds
6918,アバールデータ,JQS,電気機器,2019-11-18,456,120,2056,2058,1950,62000,1955,1480,33615.000000000000,2056,0.32094594594594594595,0.0516624040920716,1.8444146958203183,2350,2517,2650,3265,3730,2023,0.14299611,0.22422179,0.28891051,0.58803502,0.81420233,-0.01605058,trend,future_max_and_confirm_return_cleared_thresholds
6928,エノモト,東証一部,電気機器,2020-11-11,694,120,1200,1200,1151,59300,1147,947,22720.000000000000,1200,0.21119324181626187962,0.0462074978204010,2.6100352112676056,1427,1863,1757,1839,2330,1200,0.18916667,0.55250000,0.46416667,0.53250000,0.94166667,0.00000000,trend,future_max_and_confirm_return_cleared_thresholds
6930,日本アンテナ,JQS,電気機器,2019-02-04,266,120,907,907,880,341900,826,682,6990.0000000000000000,907,0.21114369501466275660,0.0980629539951574,48.9127324749642346,1615,1349,1132,1119,1617,900,0.78059537,0.48732084,0.24807056,0.23373760,0.78280044,-0.00771775,trend,future_max_and_confirm_return_cleared_thresholds
6947,図研,東証一部,電気機器,2019-06-26,360,120,1721,1742,1686,54500,1681,1354,34145.000000000000,1721,0.24150664697193500739,0.0237953599048186,1.5961341338409723,1875,1848,2481,2749,2780,1711,0.08948286,0.07379431,0.44160372,0.59732714,0.61533992,-0.00581058,trend,future_max_and_confirm_return_cleared_thresholds
6957,芝浦電子,JQS,電気機器,2020-11-09,692,120,2606,2724,2566,32400,2487,1950,8995.0000000000000000,2606,0.27538461538461538462,0.0478488138319260,3.6020011117287382,3055,3210,3670,6590,6590,2500,0.17229470,0.23177283,0.40828856,1.52877974,1.52877974,-0.04067536,trend,future_max_and_confirm_return_cleared_thresholds
6961,エンプラス,東証一部,電気機器,2020-11-24,702,120,2925,2986,2700,355200,2689,2083,149845.000000000000,2925,0.29092654824771963514,0.0877649683897360,2.3704494644465948,3990,4645,4200,2720,5010,2829,0.36410256,0.58803419,0.43589744,-0.07008547,0.71282051,-0.03282051,trend,future_max_and_confirm_return_cleared_thresholds
6962,大真空,東証一部,電気機器,2019-11-28,464,120,1387,1441,1251,1344600,1217,903,24525.000000000000,1387,0.34772978959025470653,0.1396877567789647,54.8256880733944954,1756,1795,1965,2118,2382,1516,0.26604182,0.29416006,0.41672675,0.52703677,0.71737563,0.09300649,trend,future_max_and_confirm_return_cleared_thresholds
6976,太陽誘電,東証一部,電気機器,2020-10-13,674,120,3705,3710,3570,3085000,3565,2704,1892115.000000000000,3705,0.31841715976331360947,0.0392706872370266,1.6304505804351215,4015,5220,5630,6010,7660,3685,0.08367072,0.40890688,0.51956815,0.62213225,1.06747638,-0.00539811,trend,future_max_and_confirm_return_cleared_thresholds
6981,村田製作所,東証一部,電気機器,2020-10-13,674,120,7135,7138,6916,3218200,6921,5610,2021550.000000000000,7135,0.23368983957219251337,0.0309203872272793,1.5919467735153719,7792,10110,9171,8548,10825,7157,0.09208129,0.41695865,0.28535389,0.19803784,0.51716889,0.00308339,trend,future_max_and_confirm_return_cleared_thresholds
6996,ニチコン,東証一部,電気機器,2020-10-21,680,120,873,874,850,488700,843,638,312660.000000000000,873,0.32131661442006269592,0.0355871886120996,1.5630397236614853,986,1470,1146,1020,1509,841,0.12943872,0.68384880,0.31271478,0.16838488,0.72852234,-0.03665521,trend,future_max_and_confirm_return_cleared_thresholds
7004,日立造船,東証一部,機械,2020-12-16,718,120,460,464,440,2452500,449,367,1061905.000000000000,460,0.22343324250681198910,0.0244988864142539,2.3095286301505314,656,883,715,794,1002,460,0.42608696,0.91956522,0.55434783,0.72608696,1.17826087,0.00000000,trend,future_max_and_confirm_return_cleared_thresholds
7057,エヌ・シー・エヌ,JQS,サービス,2020-10-30,395,120,1096,1096,1048,45000,1020,773,9905.0000000000000000,1096,0.31953428201811125485,0.0745098039215686,4.5431600201918223,1116,1203,1421,1215,1634,1006,0.01824818,0.09762774,0.29653285,0.10857664,0.49087591,-0.08211679,trend,future_max_and_confirm_return_cleared_thresholds
7157,ライフネット生命保険,東証マザ,保険,2020-05-12,570,120,767,780,722,218800,744,572,73730.000000000000,767,0.30069930069930069930,0.0309139784946237,2.9675844296758443,1119,1307,1646,1290,1767,907,0.45893090,0.70404172,1.14602347,0.68187744,1.30378096,0.18252934,trend,future_max_and_confirm_return_cleared_thresholds
7161,じもとホールディングス,東証一部,銀行,2020-08-12,633,120,111,125,105,9707800,105,81,118495.000000000000,111,0.29629629629629629630,0.0571428571428571,81.9258196548377569,114,1033,831,652,1168,101,0.02702703,8.30630631,6.48648649,4.87387387,9.52252252,-0.09009009,trend,future_max_and_confirm_return_cleared_thresholds
7192,日本モーゲージサービス,東証一部,その他金融,2019-10-23,439,120,1333,1333,1303,36100,1286,1037,21310.000000000000,1333,0.24011571841851494696,0.0365474339035770,1.6940403566400751,1521,2200,1611,1079,2686,1328,0.14103526,0.65041260,0.20855214,-0.19054764,1.01500375,-0.00375094,trend,future_max_and_confirm_return_cleared_thresholds
7199,プレミアグループ,東証一部,その他金融,2020-11-26,704,120,2270,2320,2207,94000,2205,1644,74975.000000000000,2270,0.34124087591240875912,0.0294784580498866,1.2537512504168056,2266,2433,2849,3695,3895,2130,-0.00176211,0.07180617,0.25506608,0.62775330,0.71585903,-0.06167401,trend,future_max_and_confirm_return_cleared_thresholds
7214,GMB,東証一部,輸送用機器,2020-12-28,725,120,749,785,682,203200,715,552,39605.000000000000,749,0.29528985507246376812,0.0475524475524476,5.1306653200353491,1114,952,1118,735,1265,680,0.48731642,0.27102804,0.49265688,-0.01869159,0.68891856,-0.09212283,trend,future_max_and_confirm_return_cleared_thresholds
7228,デイトナ,JQS,輸送用機器,2019-08-14,373,120,1075,1081,1046,4600,1041,845,2870.0000000000000000,1075,0.23195266272189349112,0.0326609029779059,1.6027874564459930,1118,1477,1367,1485,1598,1048,0.04000000,0.37395349,0.27162791,0.38139535,0.48651163,-0.02511628,trend,future_max_and_confirm_return_cleared_thresholds
7230,日信工業,東証一部,輸送用機器,2019-10-23,439,120,1604,1608,1559,398400,1561,1318,229915.000000000000,1604,0.18437025796661608498,0.0275464445868033,1.7328143009373029,2228,2236,2179,2243,2260,1681,0.38902743,0.39401496,0.35847880,0.39837905,0.40897756,0.04800499,trend,future_max_and_confirm_return_cleared_thresholds
7272,ヤマハ発動機,東証一部,輸送用機器,2020-11-10,693,120,1895,1929,1800,8826100,1835,1365,1377965.000000000000,1895,0.34432234432234432234,0.0326975476839237,6.4051699426327955,2194,2477,2737,3225,3355,1915,0.15778364,0.30712401,0.44432718,0.70184697,0.77044855,0.01055409,trend,future_max_and_confirm_return_cleared_thresholds
7273,イクヨ,東証二部,輸送用機器,2020-12-11,614,120,1050,1050,955,2600,957,750,1580.0000000000000000,1050,0.27600000000000000000,0.0971786833855799,1.6455696202531646,1020,1182,1313,,1640,1001,-0.02857143,0.12571429,0.25047619,,0.56190476,-0.04666667,trend,future_max_and_confirm_return_cleared_thresholds
7291,日本プラスト,東証一部,輸送用機器,2020-12-14,716,120,525,533,489,184600,490,363,61790.000000000000,525,0.34986225895316804408,0.0714285714285714,2.9875384366402330,502,636,717,529,763,482,-0.04380952,0.21142857,0.36571429,0.00761905,0.45333333,-0.08190476,trend,future_max_and_confirm_return_cleared_thresholds
7305,新家工業,東証一部,鉄鋼,2020-12-14,716,120,1248,1249,1197,25800,1196,1015,9045.0000000000000000,1248,0.17832512315270935961,0.0434782608695652,2.8524046434494196,1268,1770,1656,1748,1866,1199,0.01602564,0.41826923,0.32692308,0.40064103,0.49519231,-0.03926282,trend,future_max_and_confirm_return_cleared_thresholds
7462,ダイヤ通商,JQS,小売,2019-11-15,439,120,985,1098,941,34800,948,758,4790.0000000000000000,985,0.25065963060686015831,0.0390295358649789,7.2651356993736952,1248,1738,2294,2300,2500,982,0.26700508,0.76446701,1.32893401,1.33502538,1.53807107,-0.00304569,trend,future_max_and_confirm_return_cleared_thresholds
7508,G-7ホールディングス,東証一部,小売,2019-05-20,333,120,2733,2738,2691,20300,2672,2072,15600.000000000000,2733,0.28957528957528957529,0.0228293413173653,1.3012820512820513,3060,3010,3900,2139,4915,2758,0.11964874,0.10135382,0.42700329,-0.21734358,0.79839005,0.00914746,trend,future_max_and_confirm_return_cleared_thresholds
7512,イオン北海道,東証一部,小売,2020-09-28,664,120,876,881,850,119600,850,688,49580.000000000000,876,0.23546511627906976744,0.0305882352941176,2.4122630092779347,875,983,1161,1300,1325,856,-0.00114155,0.12214612,0.32534247,0.48401826,0.51255708,-0.02283105,trend,future_max_and_confirm_return_cleared_thresholds
7554,幸楽苑ホールディングス,東証一部,小売,2018-11-28,224,120,2063,2064,1980,166800,2004,1525,97130.000000000000,2063,0.31409836065573770492,0.0294411177644711,1.7172861113970967,2471,2518,2905,2085,3365,2010,0.19777024,0.22055259,0.40814348,0.01066408,0.63111973,-0.02569074,trend,future_max_and_confirm_return_cleared_thresholds
7602,カーチスホールディングス,東証二部,卸売,2019-10-29,437,120,254,260,238,154100,246,211,15570.000000000000,254,0.16587677725118483412,0.0325203252032520,9.8972382787411689,238,379,328,273,497,238,-0.06299213,0.49212598,0.29133858,0.07480315,0.95669291,-0.06299213,trend,future_max_and_confirm_return_cleared_thresholds
7608,エスケイジャパン,東証一部,卸売,2020-09-30,666,120,349,386,320,464100,334,251,15925.000000000000,349,0.33067729083665338645,0.0449101796407186,29.1428571428571429,588,485,453,494,775,328,0.68481375,0.38968481,0.29799427,0.41547278,1.22063037,-0.06017192,trend,future_max_and_confirm_return_cleared_thresholds
7638,NEW_ARTホールディングス,JQS,小売,2020-11-11,694,120,750,750,745,355400,725,604,20670.000000000000,750,0.20033112582781456954,0.0344827586206897,17.1940009675858732,877,968,1060,1230,1396,805,0.16933333,0.29066667,0.41333333,0.64000000,0.86133333,0.07333333,trend,future_max_and_confirm_return_cleared_thresholds
7701,島津製作所,東証一部,精密機器,2020-08-07,631,120,3170,3195,3060,3401800,3045,2331,717780.000000000000,3170,0.30630630630630630631,0.0410509031198686,4.7393351723369277,3300,3130,4070,4475,4510,2925,0.04100946,-0.01261830,0.28391167,0.41167192,0.42271293,-0.07728707,trend,future_max_and_confirm_return_cleared_thresholds
7735,SCREENホールディングス,東証一部,電気機器,2020-11-24,702,120,6540,6550,6440,957600,6380,4780,774675.000000000000,6540,0.33472803347280334728,0.0250783699059561,1.2361312808597154,7090,9370,9640,11630,11630,6680,0.08409786,0.43272171,0.47400612,0.77828746,0.77828746,0.02140673,trend,future_max_and_confirm_return_cleared_thresholds
7745,エー・アンド・デイ,東証一部,精密機器,2020-11-10,693,120,813,837,794,972300,763,615,46785.000000000000,813,0.24065040650406504065,0.0655307994757536,20.7823020198781661,1038,1322,1298,1035,1438,798,0.27675277,0.62607626,0.59655597,0.27306273,0.76875769,-0.01845018,trend,future_max_and_confirm_return_cleared_thresholds
7780,メニコン,東証一部,精密機器,2019-03-06,287,120,3100,3115,3005,145600,3035,2415,70845.000000000000,3100,0.25672877846790890269,0.0214168039538715,2.0551909097325146,3190,3625,4005,4425,5290,2967,0.02903226,0.16935484,0.29193548,0.42741935,0.70645161,-0.04290323,trend,future_max_and_confirm_return_cleared_thresholds
7782,シンシア,東証一部,精密機器,2020-12-21,721,120,461,480,416,757300,448,350,7355.0000000000000000,461,0.28000000000000000000,0.0290178571428571,102.9639700883752549,662,896,634,586,1021,446,0.43600868,0.94360087,0.37527115,0.27114967,1.21475054,-0.03253796,trend,future_max_and_confirm_return_cleared_thresholds
7812,クレステック,JQS,その他製品,2018-08-03,145,120,1377,1400,1314,133300,1336,1037,11285.000000000000,1377,0.28833172613307618129,0.0306886227544910,11.8121400088613203,1547,1416,1671,1273,2000,1260,0.12345679,0.02832244,0.21350763,-0.07552651,0.45243282,-0.08496732,trend,future_max_and_confirm_return_cleared_thresholds
7813,プラッツ,東証マザ,その他製品,2019-08-09,390,120,932,932,932,16900,889,703,2285.0000000000000000,932,0.26458036984352773826,0.0483689538807649,7.3960612691466083,1432,1343,1547,1410,1946,1042,0.53648069,0.44098712,0.65987124,0.51287554,1.08798283,0.11802575,trend,future_max_and_confirm_return_cleared_thresholds
7963,興研,JQS,その他製品,2019-11-22,457,120,1369,1370,1332,6200,1330,1269,2060.0000000000000000,1369,0.04806934594168636722,0.0293233082706767,3.0097087378640777,1352,2625,1922,2465,3980,1308,-0.01241782,0.91745800,0.40394449,0.80058437,1.90723156,-0.04455807,trend,future_max_and_confirm_return_cleared_thresholds
7965,象印マホービン,東証一部,電気機器,2019-07-10,370,120,1324,1325,1256,836000,1252,1020,339120.000000000000,1324,0.22745098039215686275,0.0575079872204473,2.4652040575607455,1261,1490,2489,1367,2489,1234,-0.04758308,0.12537764,0.87990937,0.03247734,0.87990937,-0.06797583,trend,future_max_and_confirm_return_cleared_thresholds
7980,重松製作所,JQS,その他製品,2020-01-06,487,120,851,851,806,227600,718,661,8760.0000000000000000,851,0.08623298033282904690,0.1852367688022284,25.9817351598173516,1630,1260,1110,1142,2630,794,0.91539365,0.48061105,0.30434783,0.34195065,2.09048179,-0.06698002,trend,future_max_and_confirm_return_cleared_thresholds
7994,オカムラ,東証一部,その他製品,2020-11-12,695,120,902,933,899,476800,884,683,296415.000000000000,902,0.29428989751098096633,0.0203619909502262,1.6085555724237977,939,1050,1326,1401,1788,883,0.04101996,0.16407982,0.47006652,0.55321508,0.98226164,-0.02106430,trend,future_max_and_confirm_return_cleared_thresholds
8015,豊田通商,東証一部,卸売,2020-11-25,703,120,3655,3720,3620,1348200,3565,2658,772950.000000000000,3655,0.34123401053423626787,0.0252454417952314,1.7442266640791772,3835,4550,5090,5360,5470,3610,0.04924761,0.24487004,0.39261286,0.46648427,0.49658003,-0.01231190,trend,future_max_and_confirm_return_cleared_thresholds
8035,東京エレクトロン,東証一部,電気機器,2019-07-25,380,120,18550,18550,17795,3072100,18155,14120,1567570.000000000000,18550,0.28576487252124645892,0.02175709171027265216,1.9597848899889638,19495,21335,25210,29800,29940,18010,0.05094340,0.15013477,0.35902965,0.60646900,0.61401617,-0.02911051,trend,future_max_and_confirm_return_cleared_thresholds
8038,東都水産,東証一部,卸売,2020-05-28,582,120,3170,3170,3090,8700,3090,2401,3450.0000000000000000,3170,0.28696376509787588505,0.0258899676375405,2.5217391304347826,3280,3085,4540,4425,4610,3035,0.03470032,-0.02681388,0.43217666,0.39589905,0.45425868,-0.04258675,trend,future_max_and_confirm_return_cleared_thresholds
8078,阪和興業,東証一部,卸売,2020-11-24,702,120,2535,2557,2500,249900,2462,1865,177115.000000000000,2535,0.32010723860589812332,0.0296506904955321,1.4109476893543743,2726,2857,3215,3245,3835,2500,0.07534517,0.12702170,0.26824458,0.28007890,0.51282051,-0.01380671,trend,future_max_and_confirm_return_cleared_thresholds
8088,岩谷産業,東証一部,卸売,2020-09-02,648,120,4035,4035,3860,607900,3860,3330,153545.000000000000,4035,0.15915915915915915916,0.0453367875647668,3.9590999381288873,3975,5600,6080,6020,7340,3945,-0.01486989,0.38785626,0.50681537,0.49194548,0.81908302,-0.02230483,trend,future_max_and_confirm_return_cleared_thresholds
8117,中央自動車工業,東証二部,卸売,2019-07-09,369,120,1930,1949,1904,16800,1890,1440,5905.0000000000000000,1930,0.31250000000000000000,0.0211640211640212,2.8450465707027942,2125,1987,2692,2153,2902,1891,0.10103627,0.02953368,0.39481865,0.11554404,0.50362694,-0.02020725,trend,future_max_and_confirm_return_cleared_thresholds
8132,シナネンホールディングス,東証一部,卸売,2020-03-17,535,120,2205,2222,1878,153400,2160,1720,63350.000000000000,2205,0.25581395348837209302,0.0208333333333333,2.4214680347277032,2773,2689,3185,3170,3285,2287,0.25759637,0.21950113,0.44444444,0.43764172,0.48979592,0.03718821,trend,future_max_and_confirm_return_cleared_thresholds
8155,三益半導体工業,東証一部,金属製品,2019-07-24,379,120,1812,1831,1794,198300,1765,1335,130040.000000000000,1812,0.32209737827715355805,0.0266288951841360,1.5249154106428791,1767,2040,2409,2425,2555,1697,-0.02483444,0.12582781,0.32947020,0.33830022,0.41004415,-0.06346578,trend,future_max_and_confirm_return_cleared_thresholds
8173,上新電機,東証一部,小売,2020-09-23,661,120,2497,2504,2345,78500,2381,1769,29345.000000000000,2497,0.34595816845675522894,0.0487190256194876,2.6750724143806441,2662,2712,3440,2641,3520,2484,0.06607930,0.08610332,0.37765318,0.05766920,0.40969163,-0.00520625,trend,future_max_and_confirm_return_cleared_thresholds
8174,日本瓦斯,東証一部,小売,2020-05-01,566,120,4035,4050,3845,526500,3820,3040,180635.000000000000,4035,0.25657894736842105263,0.0562827225130890,2.9147175242893127,4205,4955,5070,1880,6040,3815,0.04213135,0.22800496,0.25650558,-0.53407683,0.49690211,-0.05452292,trend,future_max_and_confirm_return_cleared_thresholds
8184,島忠,東証一部,小売,2020-09-24,662,120,3590,3860,3500,1856800,3380,2576,224695.000000000000,3590,0.31211180124223602484,0.0621301775147929,8.2636462760631078,4690,5480,5480,,5620,3520,0.30640669,0.52646240,0.52646240,,0.56545961,-0.01949861,trend,future_max_and_confirm_return_cleared_thresholds
8194,ライフコーポレーション,東証一部,小売,2019-10-11,433,120,2478,2492,2357,137100,2357,2030,44310.000000000000,2478,0.16108374384236453202,0.0513364446330081,3.0941096817874069,2512,2413,3250,4200,5200,2413,0.01372074,-0.02623083,0.31154157,0.69491525,1.09846651,-0.02623083,trend,future_max_and_confirm_return_cleared_thresholds
8194,ライフコーポレーション,東証一部,小売,2020-03-27,542,120,2861,2861,2747,144900,2739,2112,62865.000000000000,2861,0.29687500000000000000,0.0445418035779482,2.3049391553328561,3600,3330,4780,3370,5200,2773,0.25830129,0.16392870,0.67074449,0.17790982,0.81754631,-0.03075848,trend,future_max_and_confirm_return_cleared_thresholds
8237,松屋,東証一部,小売,2020-09-18,660,120,754,757,723,223200,724,550,133550.000000000000,754,0.31636363636363636364,0.0414364640883978,1.6712841632347435,697,760,1055,1150,1150,679,-0.07559682,0.00795756,0.39920424,0.52519894,0.52519894,-0.09946950,trend,future_max_and_confirm_return_cleared_thresholds
8251,パルコ,東証一部,小売,2019-07-03,365,120,1172,1177,1129,342600,1149,1001,133985.000000000000,1172,0.14785214785214785215,0.0200174064403829,2.5570026495503228,1178,1263,1678,,1850,1146,0.00511945,0.07764505,0.43174061,,0.57849829,-0.02218430,trend,future_max_and_confirm_return_cleared_thresholds
8298,ファミリー,JQS,小売,2020-11-13,646,120,467,467,388,434600,403,344,10440.0000000000000000,467,0.17151162790697674419,0.1588089330024814,41.6283524904214559,432,505,749,,750,425,-0.07494647,0.08137045,0.60385439,,0.60599572,-0.08993576,trend,future_max_and_confirm_return_cleared_thresholds
8396,十八銀行,東証一部,銀行,2018-08-01,143,120,331,335,315,1661000,314,255,176050.000000000000,331,0.23137254901960784314,0.0541401273885350,9.4348196535075263,362,3195,2637,,3990,302,0.09365559,8.65256798,6.96676737,,11.05438066,-0.08761329,trend,future_max_and_confirm_return_cleared_thresholds
8616,東海東京フィナンシャル・ホールディングス,東証一部,証券・先物,2020-10-21,680,120,296,298,290,1283600,288,216,922935.000000000000,296,0.33333333333333333333,0.0277777777777778,1.3907804991684138,290,325,410,392,444,267,-0.02027027,0.09797297,0.38513514,0.32432432,0.50000000,-0.09797297,trend,future_max_and_confirm_return_cleared_thresholds
8692,だいこう証券ビジネス,東証一部,証券・先物,2019-07-26,381,120,538,538,521,52900,509,395,11380.000000000000,538,0.28860759493670886076,0.0569744597249509,4.6485061511423550,527,599,698,918,921,496,-0.02044610,0.11338290,0.29739777,0.70631970,0.71189591,-0.07806691,trend,future_max_and_confirm_return_cleared_thresholds
8700,丸八証券,JQS,証券・先物,2020-10-22,674,120,922,950,902,31800,850,773,1280.0000000000000000,922,0.09961190168175937904,0.0847058823529412,24.8437500000000000,885,989,1204,1395,1433,852,-0.04013015,0.07266811,0.30585683,0.51301518,0.55422993,-0.07592191,trend,future_max_and_confirm_return_cleared_thresholds
8706,極東証券,東証一部,証券・先物,2020-09-28,664,120,634,635,623,157200,620,481,62575.000000000000,634,0.28898128898128898129,0.0225806451612903,2.5121853775469437,715,685,923,871,984,588,0.12776025,0.08044164,0.45583596,0.37381703,0.55205047,-0.07255521,trend,future_max_and_confirm_return_cleared_thresholds
8708,藍澤證券,東証一部,証券・先物,2020-11-27,705,120,744,745,715,75300,729,668,48725.000000000000,744,0.09131736526946107784,0.0205761316872428,1.5454079014879425,751,838,1076,1040,1210,716,0.00940860,0.12634409,0.44623656,0.39784946,0.62634409,-0.03763441,trend,future_max_and_confirm_return_cleared_thresholds
8740,フジトミ,JQS,証券・先物,2019-11-08,446,120,227,245,200,1810300,195,175,4720.0000000000000000,227,0.11428571428571428571,0.1641025641025641,383.5381355932203390,263,324,326,261,460,225,0.15859031,0.42731278,0.43612335,0.14977974,1.02643172,-0.00881057,trend,future_max_and_confirm_return_cleared_thresholds
8771,イー・ギャランティ,東証一部,その他金融,2020-04-01,545,120,1687,1735,1582,565900,1581,1184,393045.000000000000,1687,0.33530405405405405405,0.0670461733080329,1.4397842486229312,1906,2552,2436,2098,2772,1617,0.12981624,0.51274452,0.44398340,0.24362774,0.64315353,-0.04149378,trend,future_max_and_confirm_return_cleared_thresholds
8793,NECキャピタルソリューション,東証一部,その他金融,2019-07-03,365,120,1863,1865,1804,56300,1812,1531,19905.000000000000,1863,0.18354016982364467668,0.0281456953642384,2.8284350665661894,2025,2174,2500,1980,2789,1884,0.08695652,0.16693505,0.34192163,0.06280193,0.49704777,0.01127214,trend,future_max_and_confirm_return_cleared_thresholds
8803,平和不動産,東証一部,不動産,2019-08-19,396,120,2461,2475,2428,225000,2405,1974,125760.000000000000,2461,0.21833839918946301925,0.0232848232848233,1.7891221374045802,2497,2530,3460,2703,3510,2419,0.01462820,0.02803738,0.40593255,0.09833401,0.42624949,-0.01706623,trend,future_max_and_confirm_return_cleared_thresholds
8818,京阪神ビルディング,東証一部,不動産,2019-03-18,295,120,972,973,949,134300,949,780,97560.000000000000,972,0.21666666666666666667,0.0242360379346681,1.3765887658876589,1008,1026,1200,1147,1583,965,0.03703704,0.05555556,0.23456790,0.18004115,0.62860082,-0.00720165,trend,future_max_and_confirm_return_cleared_thresholds
8909,シノケングループ,JQS,不動産,2019-08-20,397,120,875,882,838,1024400,853,676,385290.000000000000,875,0.26183431952662721893,0.0257913247362251,2.6587765060084612,902,1212,1268,935,1344,871,0.03085714,0.38514286,0.44914286,0.06857143,0.53600000,-0.00457143,trend,future_max_and_confirm_return_cleared_thresholds
9027,ロジネットジャパン,札証,陸運,2019-07-11,346,120,1960,1964,1890,2000,1855,1468,665.0000000000000000,1960,0.26362397820163487738,0.0566037735849057,3.0075187969924812,1998,2570,3590,3020,3970,1880,0.01938776,0.31122449,0.83163265,0.54081633,1.02551020,-0.04081633,trend,future_max_and_confirm_return_cleared_thresholds
9028,ゼロ,東証二部,陸運,2020-11-27,702,120,963,963,916,10800,928,827,1725.0000000000000000,963,0.12212817412333736397,0.0377155172413793,6.2608695652173913,930,1009,1308,1024,1494,926,-0.03426791,0.04776739,0.35825545,0.06334372,0.55140187,-0.03842160,trend,future_max_and_confirm_return_cleared_thresholds
9029,ヒガシトゥエンティワン,東証二部,陸運,2020-11-13,696,120,531,535,495,68100,517,421,4435.0000000000000000,531,0.22802850356294536817,0.0270793036750484,15.3551296505073281,607,588,662,688,803,536,0.14312618,0.10734463,0.24670433,0.29566855,0.51224105,0.00941620,trend,future_max_and_confirm_return_cleared_thresholds
9057,遠州トラック,JQS,陸運,2019-08-07,387,120,1504,1583,1290,129000,1330,1060,3300.0000000000000000,1504,0.25471698113207547170,0.1308270676691729,39.0909090909090909,1500,1908,2763,3250,3825,1450,-0.00265957,0.26861702,0.83710106,1.16090426,1.54321809,-0.03590426,trend,future_max_and_confirm_return_cleared_thresholds
9060,日本ロジテム,JQS,陸運,2019-12-11,324,120,3560,3560,3460,1200,3440,2871,505.0000000000000000,3560,0.19818878439568094741,0.0348837209302326,2.3762376237623762,5060,3255,4300,3670,6000,3255,0.42134831,-0.08567416,0.20786517,0.03089888,0.68539326,-0.08567416,trend,future_max_and_confirm_return_cleared_thresholds
9063,岡山県貨物運送,東証二部,陸運,2018-08-13,149,120,364,367,350,190000,351,304,29950.000000000000,364,0.15460526315789473684,0.0370370370370370,6.3439065108514190,400,3695,3050,2832,4005,368,0.09890110,9.15109890,7.37912088,6.78021978,10.00274725,0.01098901,trend,future_max_and_confirm_return_cleared_thresholds
9119,飯野海運,東証一部,海運,2020-09-28,664,120,392,393,380,334300,384,296,172765.000000000000,392,0.29729729729729729730,0.0208333333333333,1.9349984082424102,371,419,557,574,602,358,-0.05357143,0.06887755,0.42091837,0.46428571,0.53571429,-0.08673469,trend,future_max_and_confirm_return_cleared_thresholds
9232,パスコ,東証一部,空運,2019-10-10,432,120,1024,1024,985,35500,995,789,16725.000000000000,1024,0.26108998732572877060,0.0291457286432161,2.1225710014947683,1169,2065,1608,1449,2234,983,0.14160156,1.01660156,0.57031250,0.41503906,1.18164062,-0.04003906,trend,future_max_and_confirm_return_cleared_thresholds
9260,西本Wismettacホールディングス,東証一部,卸売,2020-11-27,705,120,2303,2360,2186,40900,2204,1805,16145.000000000000,2303,0.22105263157894736842,0.0449183303085299,2.5332920408795293,2271,2850,2791,3500,4295,2143,-0.01389492,0.23751628,0.21189752,0.51975684,0.86495875,-0.06947460,trend,future_max_and_confirm_return_cleared_thresholds
9278,ブックオフグループホールディングス,東証一部,小売,2019-05-07,141,120,879,882,856,63500,855,691,29220.000000000000,879,0.23733719247467438495,0.0280701754385965,2.1731690622861054,879,1250,1184,793,1526,829,0.00000000,0.42207053,0.34698521,-0.09783845,0.73606371,-0.05688282,trend,future_max_and_confirm_return_cleared_thresholds
9303,住友倉庫,東証一部,倉庫・運輸,2018-09-19,177,120,790,801,780,1113000,766,641,369400.000000000000,790,0.19500780031201248050,0.0313315926892950,3.0129940443963184,1366,1407,1425,1443,1528,763,0.72911392,0.78101266,0.80379747,0.82658228,0.93417722,-0.03417722,trend,future_max_and_confirm_return_cleared_thresholds
9360,鈴与シンワート,東証二部,情報通信,2020-05-25,499,120,849,849,796,15800,795,622,2635.0000000000000000,849,0.27813504823151125402,0.0679245283018868,5.9962049335863378,787,920,2207,1888,5110,776,-0.07302709,0.08362780,1.59952886,1.22379270,5.01884570,-0.08598351,trend,future_max_and_confirm_return_cleared_thresholds
9417,スマートバリュー,東証一部,情報通信,2019-12-02,466,120,814,819,779,112400,794,668,24165.000000000000,814,0.18862275449101796407,0.0251889168765743,4.6513552658804055,790,764,1233,965,1309,738,-0.02948403,-0.06142506,0.51474201,0.18550369,0.60810811,-0.09336609,trend,future_max_and_confirm_return_cleared_thresholds
9418,U-NEXT,東証一部,情報通信,2019-10-11,433,120,898,932,843,794900,850,719,57335.000000000000,898,0.18219749652294853964,0.0564705882352941,13.8641318566320746,1017,1918,1278,1372,1918,892,0.13251670,1.13585746,0.42316258,0.52783964,1.13585746,-0.00668151,trend,future_max_and_confirm_return_cleared_thresholds
9629,ピー・シー・エー,東証一部,情報通信,2018-10-02,185,120,1975,1977,1915,11700,1932,1501,6460.0000000000000000,1975,0.28714190539640239840,0.0222567287784679,1.8111455108359133,1986,2146,2867,3895,4700,1790,0.00556962,0.08658228,0.45164557,0.97215190,1.37974684,-0.09367089,trend,future_max_and_confirm_return_cleared_thresholds
9640,セゾン情報システムズ,JQS,情報通信,2019-02-27,278,120,1546,1546,1485,3700,1485,1210,1675.0000000000000000,1546,0.22727272727272727273,0.0410774410774411,2.2089552238805970,1479,1549,2083,2128,2365,1395,-0.04333765,0.00194049,0.34734799,0.37645537,0.52975420,-0.09767141,trend,future_max_and_confirm_return_cleared_thresholds
9640,セゾン情報システムズ,JQS,情報通信,2019-06-03,339,120,1598,1598,1544,17800,1558,1210,7445.0000000000000000,1598,0.28760330578512396694,0.0256739409499358,2.3908663532572196,1849,2088,2041,2166,2365,1587,0.15707134,0.30663329,0.27722153,0.35544431,0.47997497,-0.00688360,trend,future_max_and_confirm_return_cleared_thresholds
9684,スクウェア・エニックス・ホールディングス,東証一部,情報通信,2019-08-08,390,120,4235,4295,4080,2014000,4070,3170,889635.000000000000,4235,0.28391167192429022082,0.0405405405405405,2.2638497810899976,4135,4910,5160,6130,6130,4115,-0.02361275,0.15938607,0.21841795,0.44746163,0.44746163,-0.02833530,trend,future_max_and_confirm_return_cleared_thresholds
9792,ニチイ学館,東証一部,サービス,2019-02-07,269,120,1299,1344,1248,1165400,1207,899,238235.000000000000,1299,0.34260289210233592881,0.0762220381110191,4.8918085084055659,1240,1299,1626,1532,1945,1205,-0.04541955,0.00000000,0.25173210,0.17936875,0.49730562,-0.07236336,trend,future_max_and_confirm_return_cleared_thresholds
9793,ダイセキ,東証一部,サービス,2020-11-16,697,120,2978,2978,2879,160700,2910,2252,127845.000000000000,2978,0.29218472468916518650,0.0233676975945017,1.2569908874027142,3020,3485,3935,5350,5530,2911,0.01410343,0.17024849,0.32135662,0.79650772,0.85695097,-0.02249832,trend,future_max_and_confirm_return_cleared_thresholds
9861,吉野家ホールディングス,東証一部,小売,2019-07-10,370,120,2049,2060,1979,3064200,1918,1673,296540.000000000000,2049,0.14644351464435146444,0.0683003128258603,10.3331759627706212,2227,2775,2960,2167,3025,2102,0.08687164,0.35431918,0.44460713,0.05758907,0.47632992,0.02586628,trend,future_max_and_confirm_return_cleared_thresholds
9873,日本KFCホールディングス,東証二部,小売,2019-07-12,372,120,2088,2108,2035,215900,2034,1981,19440.000000000000,2088,0.02675416456335184250,0.0265486725663717,11.1059670781893004,2214,2373,3230,2693,3595,2093,0.06034483,0.13649425,0.54693487,0.28975096,0.72174330,0.00239464,trend,future_max_and_confirm_return_cleared_thresholds
9890,マキヤ,JQS,小売,2020-05-29,547,120,775,788,772,70600,754,669,25315.000000000000,775,0.12705530642750373692,0.0278514588859416,2.7888603594706696,823,1424,1151,890,1495,780,0.06193548,0.83741935,0.48516129,0.14838710,0.92903226,0.00645161,trend,future_max_and_confirm_return_cleared_thresholds
9896,JKホールディングス,東証一部,卸売,2019-11-11,451,120,632,638,612,49600,604,450,36025.000000000000,632,0.34222222222222222222,0.0463576158940397,1.3768216516308119,659,772,778,820,896,592,0.04272152,0.22151899,0.23101266,0.29746835,0.41772152,-0.06329114,trend,future_max_and_confirm_return_cleared_thresholds
9903,カンセキ,JQS,小売,2019-01-09,234,120,1373,1390,1329,5100,1324,1150,2085.0000000000000000,1373,0.15130434782608695652,0.0370090634441088,2.4460431654676259,1438,1935,1843,1950,2059,1385,0.04734159,0.40932265,0.34231610,0.42024763,0.49963583,0.00873999,trend,future_max_and_confirm_return_cleared_thresholds
