sc,action_date,action_type,integer_factor,price_multiplier,median_relative_error,max_relative_error
3452,2018-01-12,split,2,0.5000000000,0.0306122449,0.0426716141
3484,2018-01-29,split,4,0.2500000000,0.0137195122,0.0548780488
3750,2018-01-29,split,5,0.2000000000,0.0562707641,0.1009136213
3926,2018-01-29,split,3,0.3333333333,0.0382736156,0.0576547231
3988,2018-01-29,split,2,0.5000000000,0.0113095238,0.0458333333
4344,2018-01-29,split,2,0.5000000000,0.0271317829,0.0529715762
6188,2018-01-29,split,3,0.3333333333,0.0206611570,0.0342975207
6552,2018-01-29,split,2,0.5000000000,0.0086854460,0.0164319249
7810,2018-01-29,split,2,0.5000000000,0.0063141279,0.0402525651
2930,2018-02-09,split,3,0.3333333333,0.0419456479,0.0771957464
2162,2018-02-26,split,2,0.5000000000,0.0160000000,0.0480000000
2406,2018-02-26,split,2,0.5000000000,0.0175732218,0.0242677824
2471,2018-02-26,split,5,0.2000000000,0.0388655462,0.1113445378
2736,2018-02-26,reverse_split,10,10,0.0138671875,0.0273437500
3045,2018-02-26,split,2,0.5000000000,0.0069617106,0.0164097464
3168,2018-02-26,split,2,0.5000000000,0.0158730159,0.0547875064
3415,2018-02-26,split,3,0.3333333333,0.0381481481,0.0740740741
3433,2018-02-26,split,4,0.2500000000,0.0297202797,0.0363636364
3557,2018-02-26,split,2,0.5000000000,0.0178849145,0.0793157076
3558,2018-02-26,split,2,0.5000000000,0.0352941176,0.0882352941
3784,2018-02-26,split,2,0.5000000000,0.0447513812,0.0497237569
3908,2018-02-26,split,3,0.3333333333,0.0373154362,0.0429530201
3915,2018-02-26,split,2,0.5000000000,0.0161290323,0.0434243176
3922,2018-02-26,split,2,0.5000000000,0.0266288952,0.0430594901
3996,2018-02-26,split,4,0.2500000000,0.0306919643,0.0513392857
4760,2018-02-26,reverse_split,10,10,0.0166071429,0.0178571429
4820,2018-02-26,split,2,0.5000000000,0.0188293082,0.0241506345
6055,2018-02-26,split,3,0.3333333333,0.0156583630,0.0256227758
6192,2018-02-26,split,3,0.3333333333,0.0194585448,0.0406091371
7191,2018-02-26,split,2,0.5000000000,0.0315339391,0.0464991983
7219,2018-02-26,reverse_split,5,5,0.0059241706,0.0118483412
7807,2018-02-26,split,3,0.3333333333,0.0223503965,0.0266762797
7811,2018-02-26,split,2,0.5000000000,0.0218181818,0.0541176471
6554,2018-03-02,split,4,0.2500000000,0.0340640809,0.0617200675
3464,2018-03-05,split,2,0.5000000000,0.0457239627,0.0685859441
7192,2018-03-06,split,3,0.3333333333,0.0403641882,0.0931714719
6175,2018-03-09,split,2,0.5000000000,0.0324777370,0.0832896805
3545,2018-03-13,split,2,0.5000000000,0.0222950820,0.0570491803
8771,2018-03-13,split,2,0.5000000000,0.0243605359,0.0323995128
8686,2018-03-16,split,2,0.5000000000,0.0041580042,0.0062370062
1795,2018-03-28,reverse_split,5,5,0.0596551724,0.0682758621
2127,2018-03-28,split,2,0.5000000000,0.0179310345,0.0289655172
2152,2018-03-28,split,2,0.5000000000,0.0224378411,0.0309278351
2163,2018-03-28,split,2,0.5000000000,0.0312356454,0.0564997703
2185,2018-03-28,split,3,0.3333333333,0.0178571429,0.0282142857
2282,2018-03-28,reverse_split,2,2,0.0353501773,0.0469858156
2483,2018-03-28,split,2,0.5000000000,0.0346396966,0.0366624526
2538,2018-03-28,reverse_split,10,10,0.0136363636,0.0386363636
2722,2018-03-28,split,2,0.5000000000,0.0218340611,0.0475982533
3154,2018-03-28,split,3,0.3333333333,0.0193943518,0.0442327322
3182,2018-03-28,split,2,0.5000000000,0.0272047833,0.0349775785
3593,2018-03-28,split,2,0.5000000000,0.0070838253,0.0212514758
3659,2018-03-28,split,2,0.5000000000,0.0464043419,0.0616010855
3673,2018-03-28,split,2,0.5000000000,0.0136054422,0.0165208941
3682,2018-03-28,split,2,0.5000000000,0.0103626943,0.0248704663
3687,2018-03-28,split,5,0.2000000000,0.0170842825,0.0364464692
3910,2018-03-28,split,2,0.5000000000,0.0127579737,0.0191369606
3916,2018-03-28,split,2,0.5000000000,0.0238774056,0.0605844619
3923,2018-03-28,split,2,0.5000000000,0.0203030303,0.0248484848
3925,2018-03-28,split,2,0.5000000000,0.0295629820,0.0347043702
3939,2018-03-28,split,2,0.5000000000,0.0126829268,0.0419512195
3963,2018-03-28,split,3,0.3333333333,0.0354838710,0.0716845878
3985,2018-03-28,split,2,0.5000000000,0.0216284987,0.0826972010
3987,2018-03-28,split,3,0.3333333333,0.0167410714,0.0446428571
3992,2018-03-28,split,2,0.5000000000,0.0399188092,0.0926928281
3997,2018-03-28,split,3,0.3333333333,0.0247546347,0.0345692475
3999,2018-03-28,split,2,0.5000000000,0.0136612022,0.0267759563
4549,2018-03-28,split,2,0.5000000000,0.0139312977,0.0217557252
4739,2018-03-28,split,2,0.5000000000,0.0319004525,0.0407239819
4768,2018-03-28,split,2,0.5000000000,0.0075685904,0.0179754021
4775,2018-03-28,split,2,0.5000000000,0.0230899830,0.0553480475
4816,2018-03-28,split,3,0.3333333333,0.0496641075,0.0686180422
4975,2018-03-28,split,2,0.5000000000,0.0064921466,0.0324607330
5921,2018-03-28,reverse_split,5,5,0.0076670318,0.0153340635
6062,2018-03-28,split,2,0.5000000000,0.0059021922,0.0404721754
6065,2018-03-28,split,2,0.5000000000,0.0174319728,0.0459183673
6194,2018-03-28,split,3,0.3333333333,0.0109841828,0.0228471002
6319,2018-03-28,split,2,0.5000000000,0.0122630992,0.0345596433
6482,2018-03-28,split,2,0.5000000000,0.0117647059,0.0264705882
6541,2018-03-28,split,3,0.3333333333,0.0292576419,0.0371179039
6556,2018-03-28,split,3,0.3333333333,0.0266280753,0.0289435601
6698,2018-03-28,split,8,0.1250000000,0.0384000000,0.0604800000
6895,2018-03-28,split,2,0.5000000000,0.0285398230,0.0340707965
6914,2018-03-28,split,2,0.5000000000,0.0134241245,0.0206225681
7446,2018-03-28,reverse_split,5,5,0.0000000000,0.0000000000
7643,2018-03-28,split,2,0.5000000000,0.0299785867,0.0492505353
7716,2018-03-28,split,3,0.3333333333,0.0189516129,0.0316129032
7813,2018-03-28,split,4,0.2500000000,0.0538461538,0.1118881119
7869,2018-03-28,reverse_split,9,9,0.0518518519,0.0691358025
7988,2018-03-28,split,2,0.5000000000,0.0150684932,0.0342465753
8111,2018-03-28,split,2,0.5000000000,0.0126262626,0.0218855219
8282,2018-03-28,split,2,0.5000000000,0.0166944908,0.0417362270
9421,2018-03-28,split,2,0.5000000000,0.0076056338,0.0202816901
9697,2018-03-28,split,2,0.5000000000,0.0154463390,0.0234704112
3300,2018-04-23,split,2,0.5000000000,0.0256116208,0.0412844037
3316,2018-04-25,split,5,0.2000000000,0.0451096121,0.0505902192
3804,2018-04-25,split,2,0.5000000000,0.0268750000,0.0475000000
3902,2018-04-25,split,2,0.5000000000,0.0298816568,0.0396449704
6200,2018-04-25,split,2,0.5000000000,0.0190909091,0.0236363636
7265,2018-04-25,reverse_split,5,5,0.0225225225,0.0345345345
9262,2018-04-25,split,2,0.5000000000,0.0184931507,0.0534246575
9519,2018-04-25,split,2,0.5000000000,0.0321428571,0.0400000000
2157,2018-05-29,split,4,0.2500000000,0.0064714946,0.0120184900
2317,2018-05-29,split,4,0.2500000000,0.0289682540,0.0690476190
4361,2018-05-29,reverse_split,10,10,0.0144886364,0.0284090909
4595,2018-05-29,split,2,0.5000000000,0.0196245734,0.0450511945
4673,2018-05-29,reverse_split,5,5,0.0102783726,0.0102783726
5341,2018-05-29,reverse_split,10,10,0.0278846154,0.0865384615
6112,2018-05-29,reverse_split,10,10,0.0430434783,0.0608695652
6196,2018-05-29,split,2,0.5000000000,0.0185185185,0.0345679012
6217,2018-05-29,reverse_split,10,10,0.0080851064,0.0331914894
6474,2018-05-29,reverse_split,10,10,0.0227686703,0.0473588342
9836,2018-05-29,reverse_split,5,5,0.0422950820,0.0695081967
3486,2018-06-06,split,2,0.5000000000,0.0158831004,0.0381194409
9266,2018-06-12,split,2,0.5000000000,0.0166093929,0.0652920962
3191,2018-06-18,split,2,0.5000000000,0.0161803714,0.0323607427
7422,2018-06-18,reverse_split,10,10,0.0426439232,0.0533049041
1739,2018-06-27,split,2,0.5000000000,0.0402777778,0.0675925926
1897,2018-06-27,reverse_split,5,5,0.0107238606,0.0107238606
2160,2018-06-27,reverse_split,10,10,0.0086912065,0.0480572597
2175,2018-06-27,split,2,0.5000000000,0.0149326805,0.0354957160
2573,2018-06-27,reverse_split,5,5,0.0195035461,0.0307328605
2700,2018-06-27,reverse_split,5,5,0.0337579618,0.0445859873
3054,2018-06-27,split,2,0.5000000000,0.0106060606,0.0136363636
3457,2018-06-27,split,2,0.5000000000,0.0468812877,0.0486921529
3830,2018-06-27,split,3,0.3333333333,0.0162337662,0.0254174397
3962,2018-06-27,split,2,0.5000000000,0.0297619048,0.0410052910
4107,2018-06-27,reverse_split,5,5,0.0384024578,0.0476190476
4221,2018-06-27,reverse_split,5,5,0.0204588910,0.0325047801
4554,2018-06-27,split,2,0.5000000000,0.0156962025,0.0202531646
4565,2018-06-27,split,4,0.2500000000,0.0244956772,0.0489913545
4584,2018-06-27,split,2,0.5000000000,0.0338461538,0.0744615385
4634,2018-06-27,reverse_split,5,5,0.0251282051,0.0447863248
4669,2018-06-27,split,3,0.3333333333,0.0225479143,0.0518602029
5610,2018-06-27,reverse_split,10,10,0.0368217054,0.0658914729
6030,2018-06-27,split,3,0.3333333333,0.0096982759,0.0771551724
6197,2018-06-27,split,3,0.3333333333,0.0232653061,0.0514285714
6237,2018-06-27,split,3,0.3333333333,0.0207932692,0.0293269231
6265,2018-06-27,reverse_split,5,5,0.0284444444,0.0346666667
6550,2018-06-27,split,4,0.2500000000,0.0287206266,0.0516971279
6565,2018-06-27,split,2,0.5000000000,0.0314606742,0.0737078652
6670,2018-06-27,split,2,0.5000000000,0.0101674641,0.0334928230
7743,2018-06-27,split,3,0.3333333333,0.0285491420,0.0572542902
7986,2018-06-27,reverse_split,10,10,0.0115606936,0.0173410405
8029,2018-06-27,reverse_split,5,5,0.0223776224,0.0552447552
8040,2018-06-27,reverse_split,5,5,0.0490476190,0.0761904762
8090,2018-06-27,reverse_split,10,10,0.0168316832,0.0396039604
8104,2018-06-27,split,2,0.5000000000,0.0132924335,0.0245398773
8772,2018-06-27,split,3,0.3333333333,0.0170895909,0.0274469187
8909,2018-06-27,split,2,0.5000000000,0.0386554622,0.0470588235
9417,2018-06-27,split,2,0.5000000000,0.0229262193,0.0387661526
9467,2018-06-27,split,2,0.5000000000,0.0270541082,0.0472945892
9539,2018-06-27,reverse_split,5,5,0.0417600000,0.0464000000
9631,2018-06-27,reverse_split,5,5,0.0569066148,0.0680933852
5395,2018-06-28,reverse_split,10,10,0.0240000000,0.0240000000
6538,2018-07-25,split,2,0.5000000000,0.0272061388,0.0498779212
1758,2018-07-27,reverse_split,5,5,0.0221565731,0.0295420975
2928,2018-07-27,split,2,0.5000000000,0.0067073171,0.0182926829
3150,2018-07-27,split,2,0.5000000000,0.0074240720,0.0699662542
3458,2018-07-27,split,2,0.5000000000,0.0488383120,0.0602181128
3461,2018-07-27,split,2,0.5000000000,0.0195694716,0.0254403131
3854,2018-07-27,split,2,0.5000000000,0.0456394035,0.0619069137
3995,2018-07-27,split,5,0.2000000000,0.0324742268,0.0525773196
4287,2018-07-27,split,3,0.3333333333,0.0538268507,0.0860727729
7196,2018-07-27,split,2,0.5000000000,0.0205066345,0.0430237234
9692,2018-07-27,split,2,0.5000000000,0.0325481799,0.0428265525
9829,2018-07-27,reverse_split,10,10,0.0098039216,0.0343137255
3989,2018-08-01,split,3,0.3333333333,0.0363106796,0.1069902913
8771,2018-08-13,split,2,0.5000000000,0.0059642147,0.0417495030
9976,2018-08-16,reverse_split,2,2,0.0181219110,0.0247116969
6569,2018-08-17,split,2,0.5000000000,0.0239488117,0.0460694698
2706,2018-08-29,reverse_split,5,5,0.0223946785,0.0452328160
2747,2018-08-29,reverse_split,5,5,0.0043668122,0.0101892285
3562,2018-08-29,split,2,0.5000000000,0.0071942446,0.0383693046
6035,2018-08-29,split,2,0.5000000000,0.0238805970,0.0268656716
6142,2018-08-29,reverse_split,5,5,0.0286486486,0.0486486486
6184,2018-08-29,split,4,0.2500000000,0.0398963731,0.0642487047
6185,2018-08-29,split,2,0.5000000000,0.0117988395,0.0174081238
6533,2018-08-29,split,2,0.5000000000,0.0225366876,0.0932914046
6570,2018-08-29,split,2,0.5000000000,0.0120160214,0.0146862483
6573,2018-08-29,split,3,0.3333333333,0.0098199673,0.0173486088
7719,2018-08-29,reverse_split,10,10,0.0328125000,0.0593750000
8233,2018-08-29,reverse_split,2,2,0.0163847780,0.0406976744
9450,2018-08-29,split,2,0.5000000000,0.0378917379,0.0700854701
9519,2018-08-29,split,2,0.5000000000,0.0391772772,0.0734573947
9977,2018-08-29,reverse_split,2,2,0.0367647059,0.0625000000
7515,2018-09-03,reverse_split,10,10,0.0158402204,0.0330578512
5990,2018-09-12,reverse_split,5,5,0.0293413174,0.0367265469
9878,2018-09-18,reverse_split,9,9,0.0464135021,0.0717299578
1775,2018-09-26,reverse_split,5,5,0.0125000000,0.0250000000
1776,2018-09-26,reverse_split,2,2,0.0020270270,0.0108108108
1787,2018-09-26,reverse_split,2,2,0.0267683323,0.0460739779
1805,2018-09-26,reverse_split,10,10,0.0154255319,0.0164893617
1812,2018-09-26,reverse_split,2,2,0.0145659929,0.0344827586
1813,2018-09-26,reverse_split,10,10,0.0208737864,0.0364077670
1822,2018-09-26,reverse_split,5,5,0.0083459788,0.0273141123
1850,2018-09-26,reverse_split,10,10,0.0141666667,0.0233333333
1852,2018-09-26,reverse_split,10,10,0.0320334262,0.0584958217
1866,2018-09-26,reverse_split,10,10,0.0195121951,0.0256097561
1909,2018-09-26,split,2,0.5000000000,0.0286054827,0.0297973778
2281,2018-09-26,reverse_split,5,5,0.0114391144,0.0221402214
2288,2018-09-26,reverse_split,5,5,0.0104925054,0.0235546039
2345,2018-09-26,split,2,0.5000000000,0.0220617730,0.0284797433
2413,2018-09-26,split,2,0.5000000000,0.0412000000,0.0580000000
2831,2018-09-26,reverse_split,2,2,0.0246530314,0.0430971512
2899,2018-09-26,reverse_split,2,2,0.0198511166,0.0601736973
2911,2018-09-26,reverse_split,5,5,0.0111662531,0.0223325062
3064,2018-09-26,split,2,0.5000000000,0.0377073906,0.0648567119
3106,2018-09-26,reverse_split,10,10,0.0064308682,0.0321543408
3111,2018-09-26,reverse_split,10,10,0.0179775281,0.0662921348
3182,2018-09-26,split,2,0.5000000000,0.0180693069,0.0673267327
3209,2018-09-26,reverse_split,10,10,0.0000000000,0.0000000000
3359,2018-09-26,split,3,0.3333333333,0.0151342090,0.0673900628
3423,2018-09-26,split,2,0.5000000000,0.0091185410,0.0425531915
3442,2018-09-26,reverse_split,10,10,0.0000000000,0.0100000000
3491,2018-09-26,split,2,0.5000000000,0.0266106443,0.0476190476
3513,2018-09-26,reverse_split,5,5,0.0119777159,0.0206128134
3578,2018-09-26,reverse_split,5,5,0.0126262626,0.0202020202
3769,2018-09-26,split,2,0.5000000000,0.0110192837,0.0275482094
3878,2018-09-26,reverse_split,5,5,0.0172297297,0.0445945946
3985,2018-09-26,split,4,0.2500000000,0.0159116022,0.0607734807
3990,2018-09-26,split,3,0.3333333333,0.0397398844,0.0780346821
4041,2018-09-26,reverse_split,5,5,0.0151306740,0.0288858322
4118,2018-09-26,reverse_split,5,5,0.0133206470,0.0161750714
4120,2018-09-26,reverse_split,10,10,0.0049382716,0.0302469136
4203,2018-09-26,reverse_split,5,5,0.0170777989,0.0208728653
4222,2018-09-26,reverse_split,10,10,0.0098484848,0.0227272727
4461,2018-09-26,reverse_split,5,5,0.0131396957,0.0331950207
4623,2018-09-26,reverse_split,10,10,0.0041208791,0.0109890110
4628,2018-09-26,reverse_split,5,5,0.0329896907,0.0432989691
4687,2018-09-26,split,2,0.5000000000,0.0438554217,0.0602409639
4769,2018-09-26,split,2,0.5000000000,0.0320924262,0.0718870347
5008,2018-09-26,reverse_split,10,10,0.0119771863,0.0494296578
5122,2018-09-26,reverse_split,5,5,0.0094637224,0.0205047319
5189,2018-09-26,reverse_split,10,10,0.0180180180,0.0180180180
5192,2018-09-26,reverse_split,2,2,0.0325732899,0.0426710098
5210,2018-09-26,reverse_split,10,10,0.0126315789,0.0236842105
5232,2018-09-26,reverse_split,10,10,0.0173956262,0.0308151093
5342,2018-09-26,reverse_split,5,5,0.0212121212,0.0303030303
5355,2018-09-26,reverse_split,10,10,0.0146579805,0.0228013029
5393,2018-09-26,reverse_split,2,2,0.0088699080,0.0223390276
5612,2018-09-26,reverse_split,10,10,0.0009202454,0.0036809816
5644,2018-09-26,reverse_split,5,5,0.0260997067,0.0263929619
5902,2018-09-26,reverse_split,5,5,0.0133187773,0.0288209607
5965,2018-09-26,split,2,0.5000000000,0.0379862700,0.0425629291
6069,2018-09-26,split,2,0.5000000000,0.0231947484,0.0678336980
6104,2018-09-26,reverse_split,5,5,0.0150837989,0.0391061453
6131,2018-09-26,reverse_split,10,10,0.0219230769,0.0384615385
6135,2018-09-26,reverse_split,5,5,0.0079051383,0.0167984190
6343,2018-09-26,reverse_split,10,10,0.0526315789,0.0789473684
6346,2018-09-26,reverse_split,10,10,0.0129132231,0.0134297521
6347,2018-09-26,reverse_split,10,10,0.0082474227,0.0206185567
6355,2018-09-26,reverse_split,10,10,0.0037593985,0.0213032581
6371,2018-09-26,reverse_split,5,5,0.0115718419,0.0183220829
6380,2018-09-26,reverse_split,10,10,0.0210084034,0.0823529412
6408,2018-09-26,reverse_split,10,10,0.0114457831,0.0228915663
6416,2018-09-26,reverse_split,10,10,0.0258503401,0.0319727891
6501,2018-09-26,reverse_split,5,5,0.0060426845,0.0123425045
6502,2018-09-26,reverse_split,10,10,0.0075528701,0.0151057402
6504,2018-09-26,reverse_split,5,5,0.0085378869,0.0160085379
6507,2018-09-26,reverse_split,5,5,0.0171348315,0.0556179775
6508,2018-09-26,reverse_split,5,5,0.0072727273,0.0223376623
6840,2018-09-26,reverse_split,10,10,0.0078125000,0.0234375000
6539,2018-09-26,split,4,0.2500000000,0.0174825175,0.0256410256
6544,2018-09-26,split,2,0.5000000000,0.0083582090,0.0268656716
6588,2018-09-26,reverse_split,5,5,0.0094752187,0.0131195335
6590,2018-09-26,reverse_split,10,10,0.0119047619,0.0275689223
6622,2018-09-26,reverse_split,5,5,0.0098199673,0.0310965630
6674,2018-09-26,reverse_split,5,5,0.0091549296,0.0161971831
6702,2018-09-26,reverse_split,10,10,0.0047809247,0.0194868071
6707,2018-09-26,reverse_split,5,5,0.0197654941,0.0268006700
6709,2018-09-26,reverse_split,10,10,0.0205607477,0.0373831776
6771,2018-09-26,reverse_split,10,10,0.0147887324,0.0535211268
6772,2018-09-26,reverse_split,10,10,0.0333333333,0.0610328638
6775,2018-09-26,reverse_split,10,10,0.0171052632,0.0473684211
6796,2018-09-26,reverse_split,5,5,0.0087613293,0.0120845921
6798,2018-09-26,reverse_split,10,10,0.0207667732,0.0223642173
6803,2018-09-26,reverse_split,10,10,0.0432432432,0.0648648649
6815,2018-09-26,reverse_split,10,10,0.0268166090,0.0415224913
6822,2018-09-26,reverse_split,10,10,0.0303082192,0.0342465753
6838,2018-09-26,reverse_split,10,10,0.0054216867,0.0120481928
6845,2018-09-26,split,2,0.5000000000,0.0054989817,0.0224032587
6944,2018-09-26,reverse_split,10,10,0.0146048110,0.0652920962
6951,2018-09-26,reverse_split,2,2,0.0135458167,0.0338645418
6955,2018-09-26,reverse_split,10,10,0.0154545455,0.0242424242
6972,2018-09-26,reverse_split,10,10,0.0088888889,0.0177777778
7102,2018-09-26,reverse_split,10,10,0.0245398773,0.0444785276
7220,2018-09-26,split,2,0.5000000000,0.0233112583,0.0283443709
7519,2018-09-26,reverse_split,10,10,0.0050000000,0.0175000000
7565,2018-09-26,reverse_split,2,2,0.0260526316,0.0521052632
7874,2018-09-26,split,2,0.5000000000,0.0288495575,0.0371681416
7877,2018-09-26,reverse_split,5,5,0.0138121547,0.0165745856
7886,2018-09-26,reverse_split,10,10,0.0191406250,0.0546875000
7911,2018-09-26,reverse_split,2,2,0.0174102285,0.0337323177
7950,2018-09-26,reverse_split,10,10,0.0163710778,0.0163710778
7985,2018-09-26,reverse_split,10,10,0.0218340611,0.0235807860
8085,2018-09-26,reverse_split,5,5,0.0119402985,0.0248756219
8093,2018-09-26,reverse_split,5,5,0.0102974828,0.0361556064
8123,2018-09-26,reverse_split,10,10,0.0079234973,0.0163934426
8208,2018-09-26,reverse_split,2,2,0.0187500000,0.0215909091
8209,2018-09-26,reverse_split,10,10,0.0291262136,0.0422330097
8354,2018-09-26,reverse_split,5,5,0.0153846154,0.0276923077
8360,2018-09-26,reverse_split,5,5,0.0211627907,0.0525581395
8366,2018-09-26,reverse_split,5,5,0.0078464107,0.0156928214
8386,2018-09-26,reverse_split,10,10,0.0219546742,0.0325779037
8388,2018-09-26,reverse_split,5,5,0.0183673469,0.0380952381
8396,2018-09-26,reverse_split,10,10,0.0132911392,0.0240506329
8544,2018-09-26,reverse_split,2,2,0.0132653061,0.0173469388
8559,2018-09-26,reverse_split,10,10,0.0288461538,0.0730769231
8700,2018-09-26,reverse_split,10,10,0.0298319328,0.0428571429
9063,2018-09-26,reverse_split,10,10,0.0050000000,0.0175000000
9068,2018-09-26,reverse_split,5,5,0.0088388215,0.0103986135
9127,2018-09-26,reverse_split,10,10,0.0152343750,0.0234375000
9232,2018-09-26,reverse_split,5,5,0.0158450704,0.0211267606
9302,2018-09-26,reverse_split,5,5,0.0111662531,0.0173697270
9303,2018-09-26,reverse_split,2,2,0.0384371029,0.0412960610
9325,2018-09-26,split,2,0.5000000000,0.0090283749,0.0171969046
9353,2018-09-26,reverse_split,10,10,0.0272569444,0.0347222222
9534,2018-09-26,reverse_split,5,5,0.0127795527,0.0306709265
9664,2018-09-26,reverse_split,10,10,0.0150000000,0.0400000000
9763,2018-09-26,reverse_split,10,10,0.0293774319,0.0385214008
9767,2018-09-26,reverse_split,10,10,0.0256198347,0.0595041322
9849,2018-09-26,reverse_split,10,10,0.0209205021,0.0460251046
9895,2018-09-26,reverse_split,10,10,0.0150000000,0.0211111111
4349,2018-09-27,reverse_split,10,10,0.0289548023,0.0409604520
4690,2018-09-27,reverse_split,10,10,0.0055803571,0.0066964286
3486,2018-10-16,split,2,0.5000000000,0.0152671756,0.0178117048
3038,2018-10-29,split,2,0.5000000000,0.0290657439,0.0501730104
6033,2018-10-29,split,2,0.5000000000,0.0277108434,0.0915662651
6040,2018-10-29,split,2,0.5000000000,0.0328638498,0.0422535211
6046,2018-10-29,split,6,0.1666666667,0.0460674157,0.1123595506
6049,2018-10-29,split,2,0.5000000000,0.0426174497,0.0570469799
7533,2018-10-29,split,2,0.5000000000,0.0103716508,0.0224719101
9273,2018-11-01,split,3,0.3333333333,0.0204804046,0.0366624526
3075,2018-11-13,split,5,0.2000000000,0.0479014599,0.0647810219
3482,2018-11-27,split,2,0.5000000000,0.0165889062,0.0264385692
2349,2018-11-28,split,3,0.3333333333,0.0037128713,0.0116336634
2805,2018-11-28,split,2,0.5000000000,0.0191693291,0.0298189563
3537,2018-11-28,split,3,0.3333333333,0.0265217391,0.0304347826
3826,2018-11-28,split,2,0.5000000000,0.0291603821,0.0548014077
4344,2018-11-28,split,2,0.5000000000,0.0483210483,0.0892710893
4714,2018-11-28,split,3,0.3333333333,0.0191804708,0.0401046207
4921,2018-11-28,split,2,0.5000000000,0.0055743243,0.0128378378
6572,2018-11-28,split,5,0.2000000000,0.0409713945,0.0697258641
3355,2018-12-26,split,2,0.5000000000,0.0419243986,0.0584192440
3461,2018-12-26,split,2,0.5000000000,0.0152121697,0.0488390713
3566,2018-12-26,split,2,0.5000000000,0.0413589365,0.0540620384
3657,2018-12-26,split,2,0.5000000000,0.0168918919,0.0304054054
3962,2018-12-26,split,2,0.5000000000,0.0382882883,0.1186186186
3992,2018-12-26,split,2,0.5000000000,0.0228690229,0.0602910603
4025,2018-12-26,split,2,0.5000000000,0.0181718062,0.0495594714
4248,2018-12-26,split,2,0.5000000000,0.0398523985,0.0627306273
4382,2018-12-26,split,2,0.5000000000,0.0261818182,0.0676363636
4386,2018-12-26,split,3,0.3333333333,0.0269744160,0.0845383760
4390,2018-12-26,split,5,0.2000000000,0.0239169675,0.0803249097
4733,2018-12-26,split,2,0.5000000000,0.0520581114,0.0799031477
5704,2018-12-26,split,2,0.5000000000,0.0415944541,0.0946273830
6099,2018-12-26,split,2,0.5000000000,0.0138012618,0.0488958991
6164,2018-12-26,split,2,0.5000000000,0.0548387097,0.0967741935
3565,2019-01-29,split,2,0.5000000000,0.0361757106,0.0527131783
3763,2019-01-29,split,2,0.5000000000,0.0235467255,0.0883002208
6188,2019-01-29,split,2,0.5000000000,0.0095579450,0.0776583035
2412,2019-02-26,split,2,0.5000000000,0.0245370370,0.0351851852
3541,2019-02-26,split,5,0.2000000000,0.0283911672,0.0315457413
3647,2019-02-26,reverse_split,5,5,0.0111111111,0.0444444444
3965,2019-02-26,split,2,0.5000000000,0.0250000000,0.0312500000
3993,2019-02-26,split,2,0.5000000000,0.0389140271,0.0733031674
4348,2019-02-26,split,2,0.5000000000,0.0207823961,0.0444987775
4920,2019-02-26,split,2,0.5000000000,0.0155913978,0.0476702509
6578,2019-02-26,split,3,0.3333333333,0.0439049587,0.0826446281
8028,2019-02-26,split,4,0.2500000000,0.0150435471,0.0261282660
2173,2019-03-27,split,2,0.5000000000,0.0485100485,0.0893970894
3633,2019-03-27,split,2,0.5000000000,0.0299837925,0.0810372771
3694,2019-03-27,split,2,0.5000000000,0.0394230769,0.0415384615
3835,2019-03-27,split,2,0.5000000000,0.0494391359,0.0677191525
3849,2019-03-27,split,2,0.5000000000,0.0421686747,0.0481927711
4396,2019-03-27,split,2,0.5000000000,0.0125435540,0.0466898955
4420,2019-03-27,split,4,0.2500000000,0.0133333333,0.0791666667
4534,2019-03-27,split,2,0.5000000000,0.0148992112,0.0166520596
4543,2019-03-27,split,2,0.5000000000,0.0050717287,0.0102883640
4553,2019-03-27,split,3,0.3333333333,0.0200552486,0.0350276243
4718,2019-03-27,split,2,0.5000000000,0.0215727209,0.0521920668
6981,2019-03-27,split,3,0.3333333333,0.0062862374,0.0110466890
7033,2019-03-27,split,3,0.3333333333,0.0150364964,0.0410218978
7199,2019-03-27,split,2,0.5000000000,0.0312781955,0.0634586466
7595,2019-03-27,split,2,0.5000000000,0.0118421053,0.0271929825
7733,2019-03-27,split,4,0.2500000000,0.0058272633,0.0135275754
9882,2019-03-27,split,2,0.5000000000,0.0113712375,0.0260869565
3139,2019-04-24,split,2,0.5000000000,0.0323353293,0.0335329341
3677,2019-04-24,split,2,0.5000000000,0.0145011601,0.0440835267
3915,2019-04-24,split,2,0.5000000000,0.0121985816,0.0156028369
6569,2019-04-24,split,2,0.5000000000,0.0193177148,0.0398684751
2715,2019-05-29,split,2,0.5000000000,0.0263662512,0.0546500479
3550,2019-05-29,split,2,0.5000000000,0.0068649886,0.0370709382
3983,2019-05-29,split,2,0.5000000000,0.0167844523,0.0310954064
4394,2019-05-29,split,2,0.5000000000,0.0183098592,0.0416901408
4397,2019-05-29,split,2,0.5000000000,0.0156250000,0.0309027778
6096,2019-05-29,split,2,0.5000000000,0.0537688442,0.0844221106
7717,2019-05-29,split,2,0.5000000000,0.0511420060,0.0814299901
9716,2019-05-29,split,2,0.5000000000,0.0146059783,0.0292119565
7034,2019-06-07,split,2,0.5000000000,0.0292177191,0.0537229029
9984,2019-06-25,split,2,0.5000000000,0.0064046579,0.0195050946
1414,2019-06-26,split,2,0.5000000000,0.0261437908,0.0366013072
1449,2019-06-26,split,3,0.3333333333,0.0165000000,0.1150000000
2154,2019-06-26,split,2,0.5000000000,0.0236220472,0.0507086614
2216,2019-06-26,split,2,0.5000000000,0.0272222222,0.0288888889
3623,2019-06-26,split,2,0.5000000000,0.0265363128,0.0409683426
3671,2019-06-26,split,3,0.3333333333,0.0191964286,0.0357142857
3765,2019-06-26,reverse_split,10,10,0.0205980066,0.0325581395
4298,2019-06-26,split,2,0.5000000000,0.0159680639,0.0249500998
4307,2019-06-26,split,3,0.3333333333,0.0250000000,0.0367537313
4582,2019-06-26,reverse_split,4,4,0.0385220126,0.0628930818
6095,2019-06-26,split,2,0.5000000000,0.0396006656,0.0549084859
6572,2019-06-26,split,2,0.5000000000,0.0313447927,0.0539939333
7037,2019-06-26,split,3,0.3333333333,0.0142156863,0.0578431373
7039,2019-06-26,split,2,0.5000000000,0.0183006536,0.0437908497
7519,2019-06-26,split,5,0.2000000000,0.0524611399,0.0790155440
7747,2019-06-26,split,2,0.5000000000,0.0136186770,0.0334630350
7781,2019-06-26,split,2,0.5000000000,0.0168539326,0.0519662921
9682,2019-06-26,split,2,0.5000000000,0.0099009901,0.0226622662
2180,2019-07-08,split,2,0.5000000000,0.0064904961,0.0125173853
2804,2019-07-30,split,2,0.5000000000,0.0013291981,0.0031014621
3665,2019-07-30,split,2,0.5000000000,0.0170357751,0.0383304940
3940,2019-07-30,split,2,0.5000000000,0.0097826087,0.0173913043
4428,2019-07-30,split,5,0.2000000000,0.0080548926,0.0498210024
7035,2019-07-30,split,2,0.5000000000,0.0410628019,0.0729468599
1446,2019-08-29,split,2,0.5000000000,0.0399467377,0.0492676431
3073,2019-08-29,split,2,0.5000000000,0.0171198389,0.0406176569
3392,2019-08-29,split,2,0.5000000000,0.0041379310,0.0082758621
3939,2019-08-29,split,3,0.3333333333,0.0080779944,0.0462395543
4429,2019-08-29,split,2,0.5000000000,0.0235602094,0.0837696335
4434,2019-08-29,split,2,0.5000000000,0.0419161677,0.0778443114
4440,2019-08-29,split,2,0.5000000000,0.0317307692,0.0692307692
7036,2019-08-29,split,2,0.5000000000,0.0145395800,0.0468497577
7060,2019-08-29,split,2,0.5000000000,0.0303030303,0.0424242424
7453,2019-08-29,split,10,0.1000000000,0.0052865888,0.0228158041
7532,2019-08-29,split,4,0.2500000000,0.0094512195,0.0207317073
7730,2019-08-29,split,3,0.3333333333,0.0145293315,0.0369713506
9270,2019-08-29,split,2,0.5000000000,0.0248175182,0.0510948905
9450,2019-08-29,split,2,0.5000000000,0.0315457413,0.0536277603
2160,2019-09-02,split,3,0.3333333333,0.0334254144,0.0453038674
2471,2019-09-27,split,5,0.2000000000,0.0213371266,0.0654338549
3288,2019-09-27,split,2,0.5000000000,0.0123861566,0.0342440801
3559,2019-09-27,split,2,0.5000000000,0.0285935085,0.0417310665
4290,2019-09-27,split,2,0.5000000000,0.0092969204,0.0238233585
4320,2019-09-27,split,2,0.5000000000,0.0391534392,0.0476190476
5480,2019-09-27,reverse_split,10,10,0.0291666667,0.0662037037
3771,2019-09-27,split,2,0.5000000000,0.0095959596,0.0237373737
3844,2019-09-27,split,2,0.5000000000,0.0118518519,0.0212345679
3923,2019-09-27,split,2,0.5000000000,0.0073732719,0.0316436252
6306,2019-09-27,split,5,0.2000000000,0.0584507042,0.0718309859
7038,2019-09-27,split,2,0.5000000000,0.0303917979,0.0399121201
7323,2019-09-27,split,2,0.5000000000,0.0333778371,0.0707610147
8111,2019-09-27,split,2,0.5000000000,0.0098146129,0.0218102508
8141,2019-09-27,split,2,0.5000000000,0.0263016640,0.0488459474
9090,2019-09-27,split,2,0.5000000000,0.0050092764,0.0118738404
9262,2019-09-27,split,2,0.5000000000,0.0052631579,0.0155945419
9266,2019-09-27,split,2,0.5000000000,0.0155077539,0.0485242621
9416,2019-09-27,split,3,0.3333333333,0.0184375000,0.0468750000
9628,2019-09-27,split,2,0.5000000000,0.0195468681,0.0262105731
4438,2019-10-02,split,4,0.2500000000,0.0309358082,0.0363495746
4441,2019-10-09,split,3,0.3333333333,0.0166666667,0.0328638498
1992,2019-10-30,split,3,0.3333333333,0.0379986245,0.0529573590
3038,2019-10-30,split,2,0.5000000000,0.0125418060,0.0351170569
3854,2019-10-30,split,2,0.5000000000,0.0247524752,0.0387788779
4430,2019-10-30,split,2,0.5000000000,0.0105212817,0.0243902439
9263,2019-10-30,reverse_split,9,9,0.0472222222,0.0666666667
6861,2019-11-19,split,2,0.5000000000,0.0075451361,0.0161681487
3836,2019-11-28,split,2,0.5000000000,0.0124521073,0.0201149425
3968,2019-11-28,split,2,0.5000000000,0.0227272727,0.0442890443
6080,2019-11-28,split,2,0.5000000000,0.0137772675,0.0287026406
7065,2019-11-28,split,5,0.2000000000,0.0234375000,0.0914062500
7673,2019-11-28,split,2,0.5000000000,0.0208333333,0.0277777778
9934,2019-11-28,split,2,0.5000000000,0.0133962264,0.0169811321
6096,2019-12-04,split,2,0.5000000000,0.0336192110,0.0737564322
3484,2019-12-09,split,2,0.5000000000,0.0231350331,0.0273843248
1431,2019-12-27,split,2,0.5000000000,0.0295479603,0.0584343991
2492,2019-12-27,split,2,0.5000000000,0.0075795856,0.0227387569
2752,2019-12-27,split,2,0.5000000000,0.0478835979,0.0481481481
3830,2019-12-27,split,2,0.5000000000,0.0186792453,0.0377358491
4435,2019-12-27,split,2,0.5000000000,0.0485074627,0.0671641791
4437,2019-12-27,split,2,0.5000000000,0.0089887640,0.0393258427
4439,2019-12-27,split,3,0.3333333333,0.0292849035,0.0914869467
4820,2019-12-27,split,2,0.5000000000,0.0120785103,0.0135883241
6062,2019-12-27,split,2,0.5000000000,0.0168024440,0.0234215886
6920,2019-12-27,split,2,0.5000000000,0.0170863309,0.0395683453
7508,2019-12-27,split,2,0.5000000000,0.0035160290,0.0163391934
7676,2019-12-27,split,2,0.5000000000,0.0241906795,0.0466026325
7814,2019-12-27,split,4,0.2500000000,0.0303030303,0.0472163495
8928,2019-12-27,split,2,0.5000000000,0.0155555556,0.0311111111
9130,2019-12-27,split,2,0.5000000000,0.0183783784,0.0724324324
9432,2019-12-27,split,2,0.5000000000,0.0068468468,0.0115315315
9759,2019-12-27,split,2,0.5000000000,0.0030598053,0.0069541029
7034,2020-01-09,split,2,0.5000000000,0.0134443022,0.0230473752
4446,2020-01-14,split,3,0.3333333333,0.0255627010,0.0387459807
3176,2020-01-30,split,2,0.5000000000,0.0216832047,0.0305034914
4382,2020-01-30,split,2,0.5000000000,0.0397727273,0.0762987013
4674,2020-01-30,split,2,0.5000000000,0.0223097113,0.0288713911
7044,2020-02-13,split,2,0.5000000000,0.0338770389,0.0539523212
2726,2020-02-27,split,2,0.5000000000,0.0493865031,0.0779141104
3387,2020-02-27,split,2,0.5000000000,0.0587371512,0.0876162506
2970,2020-03-30,split,3,0.3333333333,0.0480734606,0.0644580483
3322,2020-03-30,split,2,0.5000000000,0.0129449838,0.0161812298
3341,2020-03-30,split,2,0.5000000000,0.0296296296,0.0548148148
3397,2020-03-30,split,2,0.5000000000,0.0276194651,0.0530469093
3452,2020-03-30,split,2,0.5000000000,0.0410742496,0.0679304897
3563,2020-03-30,split,4,0.2500000000,0.0546850998,0.1010752688
3626,2020-03-30,split,3,0.3333333333,0.0081818182,0.0498181818
3694,2020-03-30,split,2,0.5000000000,0.0320924262,0.0757381258
4424,2020-03-30,split,2,0.5000000000,0.0391891892,0.0662162162
4526,2020-03-30,split,2,0.5000000000,0.0347923681,0.0549943883
4574,2020-03-30,split,3,0.3333333333,0.0388297872,0.0736170213
4767,2020-03-30,split,2,0.5000000000,0.0213903743,0.0516934046
3739,2020-03-30,split,2,0.5000000000,0.0468319559,0.1184573003
3835,2020-03-30,split,2,0.5000000000,0.0409090909,0.0844155844
3918,2020-03-30,split,2,0.5000000000,0.0566352027,0.0649639089
7033,2020-03-30,split,3,0.3333333333,0.0589928058,0.0978417266
7071,2020-03-30,split,2,0.5000000000,0.0135834411,0.0543337646
7466,2020-03-30,split,2,0.5000000000,0.0200226672,0.0661125803
7505,2020-03-30,split,2,0.5000000000,0.0014104372,0.0019746121
7749,2020-03-30,split,2,0.5000000000,0.0144462279,0.0256821830
6078,2020-03-30,split,2,0.5000000000,0.0390938984,0.0719766167
6594,2020-03-30,split,2,0.5000000000,0.0359712230,0.0588235294
7820,2020-03-30,split,2,0.5000000000,0.0374653099,0.0952821462
7839,2020-03-30,split,2,0.5000000000,0.0452488688,0.0470588235
9470,2020-03-30,split,4,0.2500000000,0.0271140940,0.0383892617
3480,2020-04-28,split,2,0.5000000000,0.0185416667,0.0541666667
1973,2020-05-28,split,3,0.3333333333,0.0142732049,0.0371278459
3349,2020-05-28,split,2,0.5000000000,0.0053156146,0.0186046512
4396,2020-05-28,split,2,0.5000000000,0.0295566502,0.0600985222
3409,2020-06-04,split,7,0.1428571429,0.0144265233,0.0528673835
4481,2020-06-08,split,3,0.3333333333,0.0342391304,0.0402173913
3762,2020-06-29,split,2,0.5000000000,0.0119947849,0.0190352021
3940,2020-06-29,split,2,0.5000000000,0.0251107829,0.0694239291
4447,2020-06-29,split,2,0.5000000000,0.0368271955,0.0617563739
4482,2020-06-29,split,4,0.2500000000,0.0480620155,0.0894056848
4493,2020-06-29,split,4,0.2500000000,0.0185185185,0.0488888889
4519,2020-06-29,split,3,0.3333333333,0.0043229316,0.0242771257
6635,2020-06-29,split,2,0.5000000000,0.0411558669,0.0665499124
9658,2020-06-29,split,2,0.5000000000,0.0114173228,0.0362204724
3565,2020-07-30,split,2,0.5000000000,0.0227272727,0.0484848485
4380,2020-07-30,split,2,0.5000000000,0.0563079116,0.0662865289
3922,2020-08-03,split,2,0.5000000000,0.0269692924,0.0301735648
4712,2020-08-13,reverse_split,10,10,0.0121739130,0.0773913043
6279,2020-08-19,split,4,0.2500000000,0.0075078206,0.0114702815
3141,2020-08-28,split,2,0.5000000000,0.0129310345,0.0377155172
3150,2020-08-28,split,2,0.5000000000,0.0176377953,0.0601574803
3962,2020-08-28,split,2,0.5000000000,0.0451977401,0.0805084746
4434,2020-08-28,split,2,0.5000000000,0.0595469256,0.1197411003
1431,2020-09-29,split,2,0.5000000000,0.0309909910,0.0472072072
1450,2020-09-29,split,2,0.5000000000,0.0194945848,0.0433212996
3199,2020-09-29,split,2,0.5000000000,0.0338118022,0.0590111643
3437,2020-09-29,split,2,0.5000000000,0.0170305677,0.0480349345
2060,2020-09-29,reverse_split,5,5,0.0173684211,0.0494736842
3923,2020-09-29,split,2,0.5000000000,0.0398899587,0.0751031637
3933,2020-09-29,split,2,0.5000000000,0.0313253012,0.0650602410
4299,2020-09-29,split,2,0.5000000000,0.0461538462,0.0571992110
4387,2020-09-29,split,2,0.5000000000,0.0275522755,0.0391143911
4483,2020-09-29,split,2,0.5000000000,0.0192307692,0.0520361991
4552,2020-09-29,split,4,0.2500000000,0.0120000000,0.0400000000
4568,2020-09-29,split,3,0.3333333333,0.0088360756,0.0326020719
5703,2020-09-29,reverse_split,10,10,0.0254189944,0.0731843575
6036,2020-09-29,split,2,0.5000000000,0.0039625360,0.0489913545
6567,2020-09-29,split,2,0.5000000000,0.0014478764,0.0588803089
7161,2020-09-29,reverse_split,10,10,0.0217213115,0.0581967213
7896,2020-09-29,split,3,0.3333333333,0.0184283727,0.0611961057
7947,2020-09-29,split,2,0.5000000000,0.0342541436,0.0519337017
8411,2020-09-29,reverse_split,10,10,0.0254992867,0.0342368046
8704,2020-09-29,reverse_split,5,5,0.0313953488,0.0465116279
8715,2020-09-29,split,4,0.2500000000,0.0133928571,0.0464285714
9551,2020-09-29,split,2,0.5000000000,0.0132608696,0.0213043478
9966,2020-09-29,split,2,0.5000000000,0.0301109350,0.0311674591
3038,2020-10-29,split,2,0.5000000000,0.0201048951,0.0279720280
3475,2020-10-29,split,2,0.5000000000,0.0286178862,0.0718699187
3491,2020-10-29,split,3,0.3333333333,0.0237843552,0.0502114165
3562,2020-10-29,split,2,0.5000000000,0.0548589342,0.1065830721
4880,2020-10-29,split,3,0.3333333333,0.0334154063,0.0608512135
9143,2020-10-29,split,2,0.5000000000,0.0346642468,0.0751361162
9273,2020-11-04,split,2,0.5000000000,0.0159223301,0.0275728155
2153,2020-11-27,split,2,0.5000000000,0.0179063361,0.0312213039
3994,2020-11-27,split,2,0.5000000000,0.0206473214,0.0301339286
4054,2020-11-27,split,2,0.5000000000,0.0390459364,0.0512367491
7068,2020-11-27,split,4,0.2500000000,0.0380434783,0.0971014493
5070,2020-12-11,split,2,0.5000000000,0.0476753349,0.0898345154
6563,2020-12-16,split,4,0.2500000000,0.0357400722,0.0974729242
3683,2020-12-29,split,2,0.5000000000,0.0395563771,0.0469500924
3774,2020-12-29,split,2,0.5000000000,0.0138613861,0.0297029703
3962,2020-12-29,split,2,0.5000000000,0.0235849057,0.0323450135
4058,2020-12-29,split,2,0.5000000000,0.0354581673,0.0398406375
4421,2020-12-29,split,2,0.5000000000,0.0586524479,0.0596219098
4812,2020-12-29,split,2,0.5000000000,0.0150554675,0.0285261490
6099,2020-12-29,split,2,0.5000000000,0.0215231788,0.0278145695
6200,2020-12-29,split,2,0.5000000000,0.0289230769,0.0486153846
6544,2020-12-29,split,2,0.5000000000,0.0173652695,0.0259481038
7038,2020-12-29,split,2,0.5000000000,0.0326881720,0.0550537634
7425,2020-12-29,split,2,0.5000000000,0.0535175879,0.0949748744
7685,2020-12-29,split,2,0.5000000000,0.0180112570,0.0409005629
9090,2020-12-29,split,2,0.5000000000,0.0175199090,0.0229806598
9702,2020-12-29,split,2,0.5000000000,0.0063333333,0.0406666667
4369,2021-01-28,split,4,0.2500000000,0.0344234079,0.0361445783
7076,2021-01-28,split,2,0.5000000000,0.0121163166,0.0242326333
5724,2021-01-28,split,2,0.5000000000,0.0529100529,0.0994708995
7094,2021-01-28,split,3,0.3333333333,0.0383014623,0.0476940382
3097,2021-02-25,split,2,0.5000000000,0.0143655227,0.0279329609
1431,2021-03-30,split,2,0.5000000000,0.0146644106,0.0242526791
1867,2021-03-30,split,2,0.5000000000,0.0086153846,0.0313846154
2127,2021-03-30,split,2,0.5000000000,0.0171568627,0.0228758170
2375,2021-03-30,split,3,0.3333333333,0.0276845638,0.0389261745
2613,2021-03-30,split,2,0.5000000000,0.0342105263,0.0521531100
3042,2021-03-30,split,2,0.5000000000,0.0139860140,0.0209790210
3064,2021-03-30,split,2,0.5000000000,0.0204081633,0.0361067504
3107,2021-03-30,split,5,0.2000000000,0.0422043011,0.0602150538
3360,2021-03-30,split,2,0.5000000000,0.0217729393,0.0279937792
4612,2021-03-30,split,5,0.2000000000,0.0472737819,0.0655452436
4751,2021-03-30,split,4,0.2500000000,0.0306864065,0.0454912517
4832,2021-03-30,split,2,0.5000000000,0.0327027027,0.0540540541
5857,2021-03-30,split,2,0.5000000000,0.0194285714,0.0436571429
5992,2021-03-30,split,4,0.2500000000,0.0168396770,0.0883506344
4477,2021-03-30,split,5,0.2000000000,0.0392945545,0.0612623762
4496,2021-03-30,split,2,0.5000000000,0.0206250000,0.0208333333
3768,2021-03-30,split,2,0.5000000000,0.0159744409,0.0415335463
3802,2021-03-30,split,2,0.5000000000,0.0173010381,0.0207612457
4169,2021-03-30,split,2,0.5000000000,0.0444208289,0.0537725824
6157,2021-03-30,split,2,0.5000000000,0.0467889908,0.0770642202
6194,2021-03-30,split,2,0.5000000000,0.0098314607,0.0331460674
6485,2021-03-30,split,2,0.5000000000,0.0104036621,0.0470245526
6488,2021-03-30,split,2,0.5000000000,0.0157068063,0.0349040140
6580,2021-03-30,split,2,0.5000000000,0.0320813772,0.0923317684
6750,2021-03-30,split,2,0.5000000000,0.0234714004,0.0366863905
7059,2021-03-30,split,2,0.5000000000,0.0178151261,0.0258823529
7313,2021-03-30,split,2,0.5000000000,0.0215976331,0.0378698225
7578,2021-03-30,split,5,0.2000000000,0.0257771039,0.0978013647
7817,2021-03-30,split,2,0.5000000000,0.0422335025,0.0460913706
8043,2021-03-30,split,2,0.5000000000,0.0530769231,0.0784615385
8101,2021-03-30,split,2,0.5000000000,0.0351906158,0.0674486804
8174,2021-03-30,split,3,0.3333333333,0.0245033113,0.0453642384
8798,2021-03-30,split,2,0.5000000000,0.0178735105,0.0274977085
9697,2021-03-30,split,2,0.5000000000,0.0254350736,0.0388219545
9746,2021-03-30,split,2,0.5000000000,0.0221300138,0.0497925311
2315,2021-04-28,reverse_split,9,9,0.0365079365,0.0634920635
2373,2021-04-28,split,3,0.3333333333,0.0443925234,0.0654205607
2695,2021-04-28,split,2,0.5000000000,0.0117955439,0.0498034076
3974,2021-04-28,split,3,0.3333333333,0.0313275434,0.0676178660
3976,2021-04-28,split,2,0.5000000000,0.0413976453,0.0862134447
7605,2021-04-28,split,2,0.5000000000,0.0026445032,0.0290895353
9273,2021-04-28,split,2,0.5000000000,0.0217263652,0.0428655314
2678,2021-05-19,split,2,0.5000000000,0.0164835165,0.0373626374
1438,2021-05-28,split,2,0.5000000000,0.0212560386,0.0512077295
3645,2021-05-28,split,2,0.5000000000,0.0259836674,0.0838901262
9272,2021-05-28,split,2,0.5000000000,0.0096551724,0.0620689655
7462,2021-06-23,split,5,0.2000000000,0.0333809354,0.0717600857
3663,2021-06-29,split,4,0.2500000000,0.0166204986,0.0736842105
3984,2021-06-29,split,2,0.5000000000,0.0158836689,0.0268456376
4012,2021-06-29,split,2,0.5000000000,0.0072222222,0.0216666667
4193,2021-06-29,split,2,0.5000000000,0.0132488479,0.0564516129
4690,2021-06-29,split,2,0.5000000000,0.0160642570,0.0215407083
4966,2021-06-29,split,2,0.5000000000,0.0167539267,0.0471204188
5355,2021-06-29,split,5,0.2000000000,0.0409407666,0.0853658537
6028,2021-06-29,split,3,0.3333333333,0.0256704981,0.0513409962
6328,2021-06-29,split,2,0.5000000000,0.0194902549,0.0419790105
6564,2021-06-29,split,2,0.5000000000,0.0202312139,0.0375722543
6840,2021-06-29,split,10,0.1000000000,0.0331858407,0.0707964602
7353,2021-06-29,split,3,0.3333333333,0.0180069930,0.0825174825
7519,2021-06-29,split,2,0.5000000000,0.0000000000,0.0000000000
7671,2021-06-29,split,2,0.5000000000,0.0289752650,0.0445229682
2925,2021-08-30,split,2,0.5000000000,0.0066666667,0.0346666667
3498,2021-08-30,split,2,0.5000000000,0.0394265233,0.0681003584
4431,2021-08-30,split,2,0.5000000000,0.0385514019,0.0771028037
4492,2021-08-30,split,2,0.5000000000,0.0140540541,0.0324324324
8929,2021-08-30,split,2,0.5000000000,0.0156521739,0.0260869565
9326,2021-08-30,split,3,0.3333333333,0.0118143460,0.0270042194
3936,2021-09-15,split,4,0.2500000000,0.0011928429,0.0011928429
1939,2021-09-29,split,2,0.5000000000,0.0347107438,0.0451790634
2003,2021-09-29,split,2,0.5000000000,0.0163447251,0.0222882615
2150,2021-09-29,split,4,0.2500000000,0.0378472222,0.0416666667
2185,2021-09-29,split,2,0.5000000000,0.0474183351,0.0586582367
2768,2021-09-29,reverse_split,5,5,0.0283378747,0.0354223433
3528,2021-09-29,reverse_split,10,10,0.0304347826,0.1086956522
3628,2021-09-29,split,3,0.3333333333,0.0313643927,0.0692179700
3925,2021-09-29,split,2,0.5000000000,0.0240000000,0.0426666667
3979,2021-09-29,split,2,0.5000000000,0.0165048544,0.0679611650
4113,2021-09-29,split,5,0.2000000000,0.0152610442,0.0361445783
4174,2021-09-29,split,3,0.3333333333,0.0320512821,0.0487179487
4284,2021-09-29,split,2,0.5000000000,0.0124223602,0.0292812777
4308,2021-09-29,split,2,0.5000000000,0.0272982738,0.0405459655
4347,2021-09-29,reverse_split,10,10,0.0500000000,0.0615384615
4462,2021-09-29,split,2,0.5000000000,0.0453333333,0.0680000000
4626,2021-09-29,split,2,0.5000000000,0.0381112985,0.0532883642
4781,2021-09-29,split,4,0.2500000000,0.0309155767,0.0463733650
6277,2021-09-29,split,2,0.5000000000,0.0343878955,0.0536451169
6762,2021-09-29,split,3,0.3333333333,0.0227452532,0.0375791139
7036,2021-09-29,split,2,0.5000000000,0.0507692308,0.0630769231
7091,2021-09-29,split,3,0.3333333333,0.0123762376,0.0341584158
7175,2021-09-29,split,2,0.5000000000,0.0014844137,0.0301830777
7203,2021-09-29,split,5,0.2000000000,0.0069812229,0.0175734232
7317,2021-09-29,split,2,0.5000000000,0.0149606299,0.0209973753
9629,2021-09-29,split,3,0.3333333333,0.0470434783,0.0895652174
9644,2021-09-29,split,2,0.5000000000,0.0333539222,0.0426189006
9719,2021-09-29,split,3,0.3333333333,0.0303424658,0.0432876712
7366,2021-09-29,split,2,0.5000000000,0.0170118343,0.0266272189
7508,2021-09-29,split,2,0.5000000000,0.0122931442,0.0378250591
7561,2021-09-29,split,2,0.5000000000,0.0235525025,0.0343473994
7780,2021-09-29,split,2,0.5000000000,0.0370370370,0.0555555556
7803,2021-09-29,split,2,0.5000000000,0.0271021543,0.0493398193
7990,2021-09-29,split,2,0.5000000000,0.0254706534,0.0354374308
8066,2021-09-29,split,4,0.2500000000,0.0588387097,0.0936774194
8713,2021-09-29,reverse_split,9,9,0.0512820513,0.0683760684
7066,2021-10-12,split,2,0.5000000000,0.0311239193,0.0536023055
4880,2021-10-28,split,3,0.3333333333,0.0245292369,0.0366699703
6962,2021-10-28,split,4,0.2500000000,0.0311495674,0.0383189122
3544,2021-11-12,split,3,0.3333333333,0.0197547684,0.0217983651
7758,2021-11-17,reverse_split,2,2,0.0107033639,0.0107033639
2317,2021-11-29,split,4,0.2500000000,0.0208333333,0.0277777778
4443,2021-11-29,split,4,0.2500000000,0.0199044586,0.0414012739
7816,2021-11-29,split,2,0.5000000000,0.0221556886,0.0754491018
7975,2021-11-29,split,2,0.5000000000,0.0276701716,0.0426120642
9369,2021-11-29,split,2,0.5000000000,0.0440283401,0.0627530364
7352,2021-12-06,split,2,0.5000000000,0.0272222222,0.1088888889
2987,2021-12-08,split,2,0.5000000000,0.0429487179,0.0814102564
6161,2021-12-17,split,4,0.2500000000,0.0459363958,0.1067137809
2195,2021-12-29,split,6,0.1666666667,0.0580945004,0.0875290473
3439,2021-12-29,split,2,0.5000000000,0.0209205021,0.0418410042
3655,2021-12-29,split,3,0.3333333333,0.0133051742,0.0179514256
3661,2021-12-29,split,4,0.2500000000,0.0230508475,0.0377401130
4018,2021-12-29,split,2,0.5000000000,0.0174629325,0.0543657331
4169,2021-12-29,split,2,0.5000000000,0.0098987627,0.0956130484
4356,2021-12-29,split,2,0.5000000000,0.0398734177,0.0502109705
4475,2021-12-29,split,2,0.5000000000,0.0231552163,0.0427480916
6694,2021-12-29,split,2,0.5000000000,0.0129205922,0.0508748318
4722,2021-12-29,split,2,0.5000000000,0.0125698324,0.0396648045
5699,2021-12-29,split,2,0.5000000000,0.0275862069,0.0450928382
7071,2021-12-29,split,2,0.5000000000,0.0271002710,0.0514905149
7354,2021-12-29,split,2,0.5000000000,0.0211287988,0.0419681621
7476,2021-12-29,split,2,0.5000000000,0.0137434555,0.0549738220
9441,2021-12-29,split,3,0.3333333333,0.0254716981,0.0762264151
9468,2021-12-29,split,2,0.5000000000,0.0171096346,0.0375415282
2217,2022-01-28,split,2,0.5000000000,0.0098148148,0.0311111111
3988,2022-01-28,split,2,0.5000000000,0.0498753117,0.0839567747
7723,2022-01-28,split,3,0.3333333333,0.0239603960,0.0390099010
8595,2022-01-28,split,3,0.3333333333,0.0203531599,0.0449814126
4979,2022-02-25,split,2,0.5000000000,0.0247759620,0.0511333685
1975,2022-03-30,split,2,0.5000000000,0.0264797508,0.0504672897
2307,2022-03-30,split,2,0.5000000000,0.0225187656,0.0275229358
3293,2022-03-30,split,2,0.5000000000,0.0441952507,0.0751978892
3841,2022-03-30,split,2,0.5000000000,0.0320733104,0.0996563574
6078,2022-03-30,split,2,0.5000000000,0.0266030014,0.0723055935
6088,2022-03-30,split,2,0.5000000000,0.0102915952,0.0154373928
7345,2022-03-30,split,4,0.2500000000,0.0259259259,0.0340740741
9268,2022-03-30,split,3,0.3333333333,0.0592954308,0.0739448901
9927,2022-03-30,split,2,0.5000000000,0.0322230268,0.0506879073
5698,2022-04-18,split,2,0.5000000000,0.0097134531,0.0383681399
2991,2022-05-30,split,2,0.5000000000,0.0189445196,0.0213802436
4828,2022-05-30,split,2,0.5000000000,0.0207663782,0.0210135970
8925,2022-05-30,reverse_split,10,10,0.0163265306,0.0408163265
2216,2022-06-29,split,2,0.5000000000,0.0109321059,0.0448791715
4020,2022-06-29,split,2,0.5000000000,0.0172486327,0.0281867901
5290,2022-06-29,split,3,0.3333333333,0.0174715909,0.0335227273
7080,2022-06-29,split,2,0.5000000000,0.0375451264,0.0888086643
7367,2022-06-29,split,2,0.5000000000,0.0191897655,0.1058990760
6465,2022-06-29,split,2,0.5000000000,0.0091130012,0.0243013366
7781,2022-06-29,split,2,0.5000000000,0.0571428571,0.0759581882
9368,2022-06-29,split,2,0.5000000000,0.0085413929,0.0131406045
9744,2022-06-29,split,3,0.3333333333,0.0116244411,0.0298062593
1852,2022-07-28,split,2,0.5000000000,0.0007462687,0.0167910448
6405,2022-07-28,split,2,0.5000000000,0.0268840899,0.0365799912
5285,2022-08-30,split,2,0.5000000000,0.0152439024,0.0335365854
3856,2022-08-30,split,3,0.3333333333,0.0356796117,0.0529126214
6543,2022-08-30,split,2,0.5000000000,0.0258481422,0.0371567044
7086,2022-08-30,split,2,0.5000000000,0.0216981132,0.0377358491
7199,2022-08-30,split,3,0.3333333333,0.0071017274,0.0130518234
7352,2022-08-30,split,2,0.5000000000,0.0194444444,0.0277777778
8093,2022-08-30,split,2,0.5000000000,0.0099852071,0.0155325444
1515,2022-09-29,split,2,0.5000000000,0.0208029197,0.0277372263
3477,2022-09-29,split,2,0.5000000000,0.0273809524,0.0452380952
3635,2022-09-29,split,2,0.5000000000,0.0257928118,0.0346723044
3772,2022-09-29,split,2,0.5000000000,0.0334375000,0.0456250000
3774,2022-09-29,split,2,0.5000000000,0.0230598670,0.0314855876
4323,2022-09-29,split,2,0.5000000000,0.0214661806,0.0384771162
4481,2022-09-29,split,2,0.5000000000,0.0176211454,0.0234948605
4680,2022-09-29,split,3,0.3333333333,0.0121642169,0.0187531678
5217,2022-09-29,split,5,0.2000000000,0.0480769231,0.0576923077
7071,2022-09-29,split,2,0.5000000000,0.0186836518,0.0624203822
6368,2022-09-29,split,4,0.2500000000,0.0158371041,0.0330316742
7276,2022-09-29,split,2,0.5000000000,0.0058181818,0.0210909091
7419,2022-09-29,split,2,0.5000000000,0.0189309577,0.0282108389
7570,2022-09-29,split,2,0.5000000000,0.0250501002,0.0400801603
7803,2022-09-29,split,2,0.5000000000,0.0208333333,0.0476190476
7974,2022-09-29,split,10,0.1000000000,0.0103852596,0.0306532663
8585,2022-09-29,reverse_split,10,10,0.0160869565,0.0234782609
8739,2022-09-29,reverse_split,5,5,0.0255639098,0.0360902256
8766,2022-09-29,split,3,0.3333333333,0.0175227568,0.0234720416
9107,2022-09-29,split,3,0.3333333333,0.0584580838,0.0793413174
9436,2022-09-29,split,2,0.5000000000,0.0144531250,0.0308593750
9780,2022-09-29,split,2,0.5000000000,0.0253416149,0.0320496894
7031,2022-10-12,split,3,0.3333333333,0.0266075388,0.0376940133
3475,2022-10-28,split,2,0.5000000000,0.0520231214,0.0764290302
2436,2022-10-28,split,2,0.5000000000,0.0419672131,0.0701639344
4417,2022-10-28,split,2,0.5000000000,0.0193850267,0.0975935829
6532,2022-10-28,split,10,0.1000000000,0.0278810409,0.0508054523
9824,2022-10-28,split,2,0.5000000000,0.0157798165,0.0447706422
4491,2022-11-24,split,2,0.5000000000,0.0092503987,0.0303030303
2975,2022-11-29,split,2,0.5000000000,0.0184453228,0.0368906456
2991,2022-11-29,split,2,0.5000000000,0.0187119234,0.0200174064
4412,2022-11-29,split,2,0.5000000000,0.0430493274,0.0600896861
4933,2022-11-29,split,2,0.5000000000,0.0092307692,0.0257692308
6960,2022-11-29,split,2,0.5000000000,0.0216919740,0.0520607375
3496,2022-12-23,split,2,0.5000000000,0.0331196581,0.0576923077
3445,2022-12-29,split,2,0.5000000000,0.0152777778,0.0208333333
3566,2022-12-29,split,4,0.2500000000,0.0335386721,0.0828199863
4251,2022-12-29,split,2,0.5000000000,0.0223255814,0.0350387597
4527,2022-12-29,split,2,0.5000000000,0.0141814390,0.0323253389
5380,2022-12-29,split,2,0.5000000000,0.0448657188,0.0704581359
5969,2022-12-29,split,2,0.5000000000,0.0437137331,0.0661508704
6200,2022-12-29,split,2,0.5000000000,0.0084006462,0.0203554120
7063,2022-12-29,split,2,0.5000000000,0.0287206266,0.0699738903
7096,2022-12-29,split,2,0.5000000000,0.0352030948,0.0441005803
7849,2022-12-29,split,2,0.5000000000,0.0391452991,0.0581196581
4051,2023-01-13,split,2,0.5000000000,0.0321637427,0.0444444444
3848,2023-01-30,split,2,0.5000000000,0.0192413414,0.0379329302
4267,2023-01-30,split,2,0.5000000000,0.0066287879,0.0142045455
4384,2023-01-30,split,2,0.5000000000,0.0161521895,0.0279971285
7126,2023-01-30,split,2,0.5000000000,0.0070984916,0.0124223602
2872,2023-02-27,split,3,0.3333333333,0.0339805825,0.0962047661
3093,2023-02-27,split,2,0.5000000000,0.0178416014,0.0565709312
3097,2023-02-27,split,3,0.3333333333,0.0141748942,0.0218617772
3181,2023-02-27,split,2,0.5000000000,0.0448406267,0.0534846029
6521,2023-02-27,split,2,0.5000000000,0.0231749710,0.0614136732
9983,2023-02-27,split,3,0.3333333333,0.0096333707,0.0101010101
2767,2023-03-17,split,2,0.5000000000,0.0367666232,0.0388526728
1882,2023-03-30,split,2,0.5000000000,0.0295698925,0.0712365591
2269,2023-03-30,split,2,0.5000000000,0.0185471406,0.0278207110
3371,2023-03-30,split,2,0.5000000000,0.0359313078,0.0499339498
3489,2023-03-30,split,2,0.5000000000,0.0317371938,0.0701559020
3495,2023-03-30,split,2,0.5000000000,0.0371900826,0.0661157025
4063,2023-03-30,split,5,0.2000000000,0.0134331907,0.0206847361
4235,2023-03-30,split,2,0.5000000000,0.0195050946,0.0294032023
4498,2023-03-30,split,2,0.5000000000,0.0106583072,0.0169278997
4661,2023-03-30,split,5,0.2000000000,0.0173002504,0.0264056453
4826,2023-03-30,split,2,0.5000000000,0.0201931519,0.0517998244
5036,2023-03-30,split,2,0.5000000000,0.0058371736,0.0168970814
5935,2023-03-30,split,4,0.2500000000,0.0564024390,0.0838414634
5947,2023-03-30,split,3,0.3333333333,0.0097535934,0.0236139630
6146,2023-03-30,split,3,0.3333333333,0.0141097424,0.0266517357
6383,2023-03-30,split,3,0.3333333333,0.0076446281,0.0119834711
6626,2023-03-30,split,4,0.2500000000,0.0123044838,0.0193952033
6954,2023-03-30,split,5,0.2000000000,0.0053304904,0.0153518124
7080,2023-03-30,split,2,0.5000000000,0.0301886792,0.0550943396
7133,2023-03-30,split,2,0.5000000000,0.0267650158,0.0419388830
7134,2023-03-30,split,3,0.3333333333,0.0348055689,0.0609697552
7458,2023-03-30,split,2,0.5000000000,0.0192904656,0.0368070953
7794,2023-03-30,split,5,0.2000000000,0.0388639761,0.0620328849
7832,2023-03-30,split,3,0.3333333333,0.0228377909,0.0319555401
7839,2023-03-30,split,2,0.5000000000,0.0030357143,0.0157142857
8035,2023-03-30,split,3,0.3333333333,0.0172288907,0.0182119205
9221,2023-03-30,split,2,0.5000000000,0.0188273265,0.0306616460
9229,2023-03-30,split,3,0.3333333333,0.0203007519,0.0263157895
9338,2023-03-30,split,5,0.2000000000,0.0307788945,0.0439698492
9927,2023-03-30,split,4,0.2500000000,0.0076628352,0.0252873563
5820,2023-04-19,split,3,0.3333333333,0.0418648310,0.0988735920
3041,2023-05-16,reverse_split,2,2,0.0586592179,0.0586592179
7359,2023-05-16,split,2,0.5000000000,0.0242392986,0.0376482723
2497,2023-05-30,split,2,0.5000000000,0.0200907323,0.0252754375
3992,2023-05-30,split,2,0.5000000000,0.0291044776,0.0388059701
9272,2023-05-30,split,2,0.5000000000,0.0115294118,0.0461176471
2331,2023-06-29,split,5,0.2000000000,0.0075552826,0.0095823096
2573,2023-06-29,split,2,0.5000000000,0.0533575318,0.0558983666
4437,2023-06-29,split,2,0.5000000000,0.0135256988,0.0279531109
4628,2023-06-29,split,5,0.2000000000,0.0202531646,0.0316455696
5384,2023-06-29,split,3,0.3333333333,0.0250984252,0.0541338583
7135,2023-06-29,split,2,0.5000000000,0.0196078431,0.0766488414
7317,2023-06-29,split,4,0.2500000000,0.0397553517,0.0581039755
7388,2023-06-29,split,2,0.5000000000,0.0121145374,0.0264317181
7809,2023-06-29,split,3,0.3333333333,0.0177364865,0.0523648649
9059,2023-06-29,split,2,0.5000000000,0.0216606498,0.0281588448
9560,2023-06-29,split,3,0.3333333333,0.0210218978,0.0966423358
9749,2023-06-29,split,2,0.5000000000,0.0174234424,0.0369588173
9552,2023-07-11,split,3,0.3333333333,0.0232447818,0.0360531309
7066,2023-07-19,split,2,0.5000000000,0.0367393800,0.0861079219
1758,2023-07-28,split,3,0.3333333333,0.0482758621,0.1103448276
5032,2023-07-28,split,2,0.5000000000,0.0342465753,0.0493150685
6037,2023-07-28,split,2,0.5000000000,0.0234521576,0.0619136961
7683,2023-07-28,split,2,0.5000000000,0.0133474576,0.0262711864
9279,2023-07-28,split,2,0.5000000000,0.0159909910,0.0220720721
2670,2023-08-30,split,3,0.3333333333,0.0102946732,0.0230449566
2726,2023-08-30,split,2,0.5000000000,0.0091020910,0.0277982780
3399,2023-08-30,split,2,0.5000000000,0.0222381636,0.0688665710
1793,2023-09-28,split,3,0.3333333333,0.0187747036,0.0415019763
1884,2023-09-28,split,5,0.2000000000,0.0268508863,0.0411887383
1980,2023-09-28,split,2,0.5000000000,0.0146341463,0.0172357724
2181,2023-09-28,split,10,0.1000000000,0.0171862510,0.0367705835
2222,2023-09-28,split,5,0.2000000000,0.0242207245,0.0421229992
2267,2023-09-28,split,2,0.5000000000,0.0122999603,0.0220870255
2296,2023-09-28,reverse_split,5,5,0.0125148987,0.0166865316
2760,2023-09-28,split,3,0.3333333333,0.0330985915,0.0394366197
2813,2023-09-28,split,3,0.3333333333,0.0104838710,0.0483870968
3088,2023-09-28,split,3,0.3333333333,0.0131917238,0.0283423115
3431,2023-09-28,split,2,0.5000000000,0.0164451827,0.0365448505
3521,2023-09-28,reverse_split,2,2,0.0100000000,0.0266666667
4442,2023-09-28,split,3,0.3333333333,0.0316293930,0.0444089457
5189,2023-09-28,split,2,0.5000000000,0.0045283019,0.0133333333
5351,2023-09-28,split,5,0.2000000000,0.0154545455,0.0272727273
5945,2023-09-28,split,2,0.5000000000,0.0040061633,0.0077041602
6590,2023-09-28,split,3,0.3333333333,0.0203982516,0.0456532297
6819,2023-09-28,reverse_split,2,2,0.0406250000,0.0604166667
6857,2023-09-28,split,4,0.2500000000,0.0126751980,0.0235222425
6902,2023-09-28,split,4,0.2500000000,0.0100591716,0.0254437870
6963,2023-09-28,split,4,0.2500000000,0.0120898100,0.0340241796
6981,2023-09-28,split,3,0.3333333333,0.0127701375,0.0190324165
7059,2023-09-28,split,2,0.5000000000,0.0387811634,0.0605461021
7267,2023-09-28,split,3,0.3333333333,0.0094178082,0.0242579909
7502,2023-09-28,reverse_split,5,5,0.0459770115,0.0505747126
7735,2023-09-28,split,2,0.5000000000,0.0078002053,0.0153951420
8007,2023-09-28,split,4,0.2500000000,0.0076726343,0.0117647059
8059,2023-09-28,split,3,0.3333333333,0.0180944056,0.0375874126
9022,2023-09-28,split,5,0.2000000000,0.0145541148,0.0317544324
9039,2023-09-28,split,2,0.5000000000,0.0120622568,0.0221789883
9306,2023-09-28,reverse_split,5,5,0.0043478261,0.0200668896
9553,2023-09-28,split,3,0.3333333333,0.0202891791,0.0536380597
9628,2023-09-28,split,2,0.5000000000,0.0196353436,0.0229079009
9708,2023-09-28,split,2,0.5000000000,0.0157280568,0.0289193303
6573,2023-10-04,split,3,0.3333333333,0.0266089109,0.0705445545
5028,2023-10-11,split,3,0.3333333333,0.0176132279,0.0222861251
3180,2023-10-30,split,2,0.5000000000,0.0246360582,0.0365061590
3480,2023-10-30,split,2,0.5000000000,0.0252998909,0.0386041439
4413,2023-10-30,split,2,0.5000000000,0.0112382934,0.0372528616
6535,2023-10-30,split,3,0.3333333333,0.0236559140,0.0301075269
7878,2023-10-30,split,2,0.5000000000,0.0076400679,0.0322580645
7901,2023-10-30,split,3,0.3333333333,0.0355086372,0.0571017274
9828,2023-10-30,split,2,0.5000000000,0.0297872340,0.0514506770
5139,2023-10-31,split,4,0.2500000000,0.0177777778,0.0500000000
3549,2023-11-17,split,3,0.3333333333,0.0134972403,0.0303060712
2264,2023-11-29,split,2,0.5000000000,0.0122958341,0.0233070288
4415,2023-11-29,split,2,0.5000000000,0.0177935943,0.0332147094
7088,2023-11-29,split,2,0.5000000000,0.0134969325,0.0294478528
7868,2023-11-29,split,5,0.2000000000,0.0161042945,0.0490797546
2124,2023-12-28,split,4,0.2500000000,0.0543036572,0.0735131141
2201,2023-12-28,split,2,0.5000000000,0.0069200780,0.0103313840
2733,2023-12-28,split,2,0.5000000000,0.0096153846,0.0128205128
2897,2023-12-28,split,3,0.3333333333,0.0058525034,0.0098782138
4023,2023-12-28,split,3,0.3333333333,0.0038062284,0.0079584775
4093,2023-12-28,split,5,0.2000000000,0.0189107413,0.0468986384
4186,2023-12-28,split,3,0.3333333333,0.0080058991,0.0178025914
4492,2023-12-28,split,3,0.3333333333,0.0339709763,0.0646437995
4746,2023-12-28,split,2,0.5000000000,0.0532212885,0.0658263305
4956,2023-12-28,split,2,0.5000000000,0.0033296337,0.0159082501
5019,2023-12-28,split,5,0.2000000000,0.0104113439,0.0150740930
5038,2023-12-28,split,2,0.5000000000,0.0179746835,0.0303797468
5304,2023-12-28,split,5,0.2000000000,0.0032608696,0.0256521739
5471,2023-12-28,split,5,0.2000000000,0.0099631500,0.0139211137
5844,2023-12-28,split,4,0.2500000000,0.0094033359,0.0137691705
6031,2023-12-28,split,2,0.5000000000,0.0088435374,0.0421768707
6526,2023-12-28,split,5,0.2000000000,0.0175101215,0.0283400810
6592,2023-12-28,split,2,0.5000000000,0.0150812065,0.0229909302
6971,2023-12-28,split,4,0.2500000000,0.0056783859,0.0093028875
6998,2023-12-28,split,2,0.5000000000,0.0033126294,0.0078674948
7272,2023-12-28,split,3,0.3333333333,0.0264129328,0.0392057026
8058,2023-12-28,split,3,0.3333333333,0.0065838417,0.0096711799
8091,2023-12-28,split,2,0.5000000000,0.0095477387,0.0291457286
8309,2023-12-28,split,2,0.5000000000,0.0047152367,0.0081360947
8439,2023-12-28,split,4,0.2500000000,0.0060030015,0.0098382525
9034,2023-12-28,split,2,0.5000000000,0.0129682997,0.0182516811
2590,2024-01-18,split,2,0.5000000000,0.0101522843,0.0152284264
9632,2024-01-30,split,5,0.2000000000,0.0304839723,0.0870521684
9788,2024-01-30,split,2,0.5000000000,0.0141110066,0.0197554092
7352,2024-02-08,split,2,0.5000000000,0.0030268634,0.0541051835
8227,2024-02-19,split,2,0.5000000000,0.0088652482,0.0114657210
2338,2024-02-28,split,3,0.3333333333,0.0251256281,0.0653266332
3382,2024-02-28,split,3,0.3333333333,0.0078740157,0.0246456693
3968,2024-02-28,split,3,0.3333333333,0.0270731707,0.0390243902
6417,2024-02-28,split,5,0.2000000000,0.0190960257,0.0282563749
7187,2024-02-28,split,2,0.5000000000,0.0107050572,0.0328534515
7630,2024-02-28,split,5,0.2000000000,0.0207296849,0.0348258706
7649,2024-02-28,split,3,0.3333333333,0.0113793103,0.0253103448
9238,2024-03-14,split,2,0.5000000000,0.0108837614,0.0509360035
1882,2024-03-28,split,5,0.2000000000,0.0504484305,0.0754857997
1885,2024-03-28,split,4,0.2500000000,0.0499032882,0.0684719536
1951,2024-03-28,split,2,0.5000000000,0.0225157610,0.0432302612
1975,2024-03-28,split,2,0.5000000000,0.0284482759,0.0419540230
2173,2024-03-28,split,2,0.5000000000,0.0355212355,0.0486486486
2221,2024-03-28,split,2,0.5000000000,0.0340425532,0.0606382979
2226,2024-03-28,split,2,0.5000000000,0.0351063830,0.0372340426
2801,2024-03-28,split,5,0.2000000000,0.0197007481,0.0408977556
3443,2024-03-28,split,3,0.3333333333,0.0519417476,0.0665048544
3771,2024-03-28,split,2,0.5000000000,0.0281016442,0.0325859492
4114,2024-03-28,split,4,0.2500000000,0.0148981957,0.0236715776
4203,2024-03-28,split,2,0.5000000000,0.0179712028,0.0273898452
4323,2024-03-28,split,2,0.5000000000,0.0513020833,0.0625000000
4403,2024-03-28,split,3,0.3333333333,0.0338437979,0.0529096478
4414,2024-03-28,split,2,0.5000000000,0.0377358491,0.0537010160
4543,2024-03-28,split,2,0.5000000000,0.0261942817,0.0264606642
4687,2024-03-28,split,2,0.5000000000,0.0335483871,0.0486021505
4732,2024-03-28,split,2,0.5000000000,0.0173692428,0.0288836846
4768,2024-03-28,split,2,0.5000000000,0.0209439976,0.0356655031
4816,2024-03-28,split,5,0.2000000000,0.0207262211,0.0263496144
4901,2024-03-28,split,3,0.3333333333,0.0196428571,0.0345238095
5331,2024-03-28,split,2,0.5000000000,0.0261932480,0.0372526193
5352,2024-03-28,split,4,0.2500000000,0.0248275862,0.0344827586
5659,2024-03-28,split,5,0.2000000000,0.0499291785,0.0637393768
6524,2024-03-28,split,3,0.3333333333,0.0256461233,0.0592445328
6702,2024-03-28,split,10,0.1000000000,0.0173527038,0.0268361582
6869,2024-03-28,split,3,0.3333333333,0.0147201651,0.0253733155
7011,2024-03-28,split,10,0.1000000000,0.0113256591,0.0727812848
7080,2024-03-28,split,2,0.5000000000,0.0244059088,0.0378933847
7269,2024-03-28,split,4,0.2500000000,0.0190947666,0.0367751061
7299,2024-03-28,split,5,0.2000000000,0.0215782984,0.0289765721
7417,2024-03-28,split,2,0.5000000000,0.0387192852,0.0461653016
7464,2024-03-28,split,4,0.2500000000,0.0521739130,0.0635451505
7476,2024-03-28,split,2,0.5000000000,0.0306234050,0.0368209989
7687,2024-03-28,split,3,0.3333333333,0.0281306715,0.0635208711
7734,2024-03-28,split,2,0.5000000000,0.0099601594,0.0252324037
8136,2024-03-28,split,3,0.3333333333,0.0289511415,0.0404764531
8255,2024-03-28,split,4,0.2500000000,0.0148148148,0.0203106332
8425,2024-03-28,split,5,0.2000000000,0.0249569707,0.0447504303
8630,2024-03-28,split,3,0.3333333333,0.0210688592,0.0272353546
8725,2024-03-28,split,3,0.3333333333,0.0186284106,0.0247155267
8801,2024-03-28,split,3,0.3333333333,0.0121314496,0.0472972973
9020,2024-03-28,split,3,0.3333333333,0.0232615894,0.0399006623
9021,2024-03-28,split,2,0.5000000000,0.0200920245,0.0337423313
9107,2024-03-28,split,3,0.3333333333,0.0228956494,0.0400378310
9211,2024-03-28,split,2,0.5000000000,0.0196202532,0.0835443038
9223,2024-03-28,split,2,0.5000000000,0.0214041096,0.0291095890
9268,2024-03-28,split,4,0.2500000000,0.0437086093,0.1125827815
9564,2024-03-28,split,3,0.3333333333,0.0095351609,0.0226460072
9605,2024-03-28,split,5,0.2000000000,0.0207808564,0.0390428212
9616,2024-03-28,split,2,0.5000000000,0.0120141343,0.0230388693
9697,2024-03-28,split,2,0.5000000000,0.0250590618,0.0485993925
9780,2024-03-28,split,5,0.2000000000,0.0331081081,0.0486486486
9960,2024-03-28,split,3,0.3333333333,0.0299679487,0.0602564103
2652,2024-04-26,split,5,0.2000000000,0.0175730670,0.0862005179
5132,2024-04-26,split,3,0.3333333333,0.0433380084,0.0869565217
5588,2024-04-26,split,2,0.5000000000,0.0328719723,0.0467128028
8783,2024-04-26,reverse_split,10,10,0.0465517241,0.1120689655
1807,2024-05-30,split,2,0.5000000000,0.0115330520,0.0300984529
3791,2024-05-30,split,4,0.2500000000,0.0232098765,0.0607407407
3992,2024-05-30,split,2,0.5000000000,0.0065445026,0.0183246073
4198,2024-05-30,split,3,0.3333333333,0.0299880048,0.0511795282
7095,2024-05-30,split,4,0.2500000000,0.0183553598,0.0543318649
9166,2024-05-30,split,2,0.5000000000,0.0185897436,0.0358974359
9267,2024-06-19,split,2,0.5000000000,0.0186619718,0.0633802817
2327,2024-06-27,split,2,0.5000000000,0.0118081181,0.0202952030
2329,2024-06-27,split,3,0.3333333333,0.0246761258,0.0487353486
3540,2024-06-27,split,5,0.2000000000,0.0070194384,0.0205183585
4013,2024-06-27,split,2,0.5000000000,0.0144927536,0.0265700483
4595,2024-06-27,split,2,0.5000000000,0.0217008798,0.0381231672
4674,2024-06-27,split,2,0.5000000000,0.0219364599,0.0355521936
4935,2024-06-27,split,2,0.5000000000,0.0061403509,0.0614035088
5535,2024-06-27,split,2,0.5000000000,0.0426229508,0.1182513661
6361,2024-06-27,split,5,0.2000000000,0.0128684101,0.0224159402
6501,2024-06-27,split,5,0.2000000000,0.0211407491,0.0422814983
6849,2024-06-27,split,2,0.5000000000,0.0119715272,0.0138050043
6957,2024-06-27,split,2,0.5000000000,0.0131782946,0.0217054264
7425,2024-06-27,split,2,0.5000000000,0.0162241888,0.0265486726
7740,2024-06-27,split,2,0.5000000000,0.0099765258,0.0164319249
7821,2024-06-27,split,2,0.5000000000,0.0078668684,0.0287443268
7826,2024-06-27,split,3,0.3333333333,0.0244913338,0.0335342879
7936,2024-06-27,split,4,0.2500000000,0.0099697885,0.0259818731
8015,2024-06-27,split,3,0.3333333333,0.0081078235,0.0235863957
8031,2024-06-27,split,2,0.5000000000,0.0150578112,0.0244689433
8914,2024-06-27,split,2,0.5000000000,0.0160458453,0.0206303725
9260,2024-06-27,split,3,0.3333333333,0.0110218140,0.0218140069
1852,2024-07-30,split,5,0.2000000000,0.0058746736,0.0104438642
3350,2024-07-30,reverse_split,8,8,0.0559701493,0.0609452736
3988,2024-07-30,split,2,0.5000000000,0.0081632653,0.0351020408
4450,2024-07-30,split,2,0.5000000000,0.0216049383,0.0246913580
5248,2024-07-30,split,6,0.1666666667,0.0234482759,0.0441379310
6966,2024-07-30,split,5,0.2000000000,0.0153235983,0.0311880296
2659,2024-08-29,split,2,0.5000000000,0.0059288538,0.0245059289
3349,2024-08-29,split,2,0.5000000000,0.0072663139,0.0155908289
4439,2024-08-29,split,2,0.5000000000,0.0160656908,0.0196358443
6031,2024-08-29,split,2,0.5000000000,0.0212577502,0.0575730735
6323,2024-08-29,split,10,0.1000000000,0.0371824480,0.0457274827
7683,2024-08-29,split,2,0.5000000000,0.0097049689,0.0170807453
8233,2024-08-29,split,2,0.5000000000,0.0144641683,0.0282708744
142A,2024-09-27,split,2,0.5000000000,0.0115146147,0.0141718335
165A,2024-09-27,split,8,0.1250000000,0.0339715874,0.0858554663
1662,2024-09-27,split,5,0.2000000000,0.0288990826,0.0458715596
1939,2024-09-27,split,3,0.3333333333,0.0341279799,0.0439146801
1946,2024-09-27,split,5,0.2000000000,0.0271398747,0.0501043841
2502,2024-09-27,split,3,0.3333333333,0.0117268937,0.0210215427
2753,2024-09-27,split,3,0.3333333333,0.0079310345,0.0091379310
3132,2024-09-27,split,3,0.3333333333,0.0088070456,0.0221777422
3431,2024-09-27,split,2,0.5000000000,0.0116822430,0.0126168224
3943,2024-09-27,split,2,0.5000000000,0.0090047393,0.0189573460
4041,2024-09-27,split,2,0.5000000000,0.0118577075,0.0162055336
4046,2024-09-27,split,5,0.2000000000,0.0215559960,0.0327056492
4507,2024-09-27,split,3,0.3333333333,0.0102316602,0.0196138996
4684,2024-09-27,split,5,0.2000000000,0.0101097631,0.0254188330
4887,2024-09-27,split,3,0.3333333333,0.0190420561,0.0296728972
4980,2024-09-27,split,3,0.3333333333,0.0348328025,0.0550159236
5923,2024-09-27,split,3,0.3333333333,0.0192468619,0.0209205021
5940,2024-09-27,reverse_split,10,10,0.0169117647,0.0367647059
6016,2024-09-27,split,3,0.3333333333,0.0515587530,0.0911270983
6103,2024-09-27,split,2,0.5000000000,0.0431104604,0.0645843501
6230,2024-09-27,split,2,0.5000000000,0.0112359551,0.0197253433
6358,2024-09-27,split,2,0.5000000000,0.0128834356,0.0286298569
6371,2024-09-27,split,3,0.3333333333,0.0057659208,0.0132530120
6557,2024-09-27,split,2,0.5000000000,0.0255623722,0.0497614179
6594,2024-09-27,split,2,0.5000000000,0.0142059058,0.0308060654
6737,2024-09-27,split,2,0.5000000000,0.0193832599,0.0286343612
6758,2024-09-27,split,5,0.2000000000,0.0145716292,0.0210674157
6762,2024-09-27,split,5,0.2000000000,0.0227509642,0.0293964349
6845,2024-09-27,split,4,0.2500000000,0.0148883375,0.0289495451
6946,2024-09-27,split,5,0.2000000000,0.0394736842,0.0875822368
6965,2024-09-27,split,2,0.5000000000,0.0403682720,0.0787535411
6988,2024-09-27,split,5,0.2000000000,0.0233253589,0.0358851675
7259,2024-09-27,split,3,0.3333333333,0.0062824093,0.0181491823
7327,2024-09-27,split,2,0.5000000000,0.0179381443,0.0280412371
7367,2024-09-27,split,2,0.5000000000,0.0265251989,0.0344827586
7539,2024-09-27,split,2,0.5000000000,0.0277117973,0.0387965162
7681,2024-09-27,split,3,0.3333333333,0.0374376040,0.0465890183
7686,2024-09-27,split,3,0.3333333333,0.0049720323,0.0192666252
7698,2024-09-27,split,2,0.5000000000,0.0269696970,0.0375757576
7912,2024-09-27,split,2,0.5000000000,0.0146153846,0.0332692308
7949,2024-09-27,split,2,0.5000000000,0.0113924051,0.0246835443
7951,2024-09-27,split,3,0.3333333333,0.0156208806,0.0230688110
7979,2024-09-27,split,2,0.5000000000,0.0410101010,0.0614141414
8032,2024-09-27,split,10,0.1000000000,0.0306406685,0.0668523677
8088,2024-09-27,split,4,0.2500000000,0.0233397498,0.0394610202
8119,2024-09-27,split,4,0.2500000000,0.0338593974,0.1053084648
8154,2024-09-27,split,2,0.5000000000,0.0109929078,0.0237588652
8316,2024-09-27,split,3,0.3333333333,0.0221550033,0.0359712230
8697,2024-09-27,split,2,0.5000000000,0.0231578947,0.0347368421
8746,2024-09-27,reverse_split,3,3,0.0363636364,0.0757575758
9037,2024-09-27,split,4,0.2500000000,0.0082191781,0.0144814090
9072,2024-09-27,split,2,0.5000000000,0.0182606411,0.0273252759
9087,2024-09-27,split,2,0.5000000000,0.0508670520,0.0689788054
9434,2024-09-27,split,10,0.1000000000,0.0270680496,0.0331393878
9534,2024-09-27,split,5,0.2000000000,0.0249609984,0.0561622465
9639,2024-09-27,split,2,0.5000000000,0.0157248157,0.0186732187
9735,2024-09-27,split,2,0.5000000000,0.0095324557,0.0213345438
9799,2024-09-27,split,2,0.5000000000,0.0311377246,0.0383233533
9932,2024-09-27,split,2,0.5000000000,0.0228725193,0.0386814665
9936,2024-09-27,split,3,0.3333333333,0.0122315036,0.0331742243
2991,2024-10-30,split,2,0.5000000000,0.0108342362,0.0303358613
7878,2024-10-30,split,2,0.5000000000,0.0095114570,0.0203199308
9301,2024-10-30,split,5,0.2000000000,0.0106536830,0.0296953336
4825,2024-11-28,split,2,0.5000000000,0.0139823009,0.0208849558
5885,2024-11-28,split,4,0.2500000000,0.0256663376,0.0673247779
6088,2024-11-28,split,2,0.5000000000,0.0145008366,0.0184049080
6458,2024-11-28,split,3,0.3333333333,0.0204790419,0.0277844311
9418,2024-11-28,split,3,0.3333333333,0.0101642710,0.0205338809
7242,2024-11-29,split,2,0.5000000000,0.0111223458,0.0119312437
151A,2024-12-27,split,3,0.3333333333,0.0158759124,0.0244525547
1723,2024-12-27,split,2,0.5000000000,0.0088626292,0.0295420975
1952,2024-12-27,split,2,0.5000000000,0.0211320755,0.0465408805
2932,2024-12-27,split,3,0.3333333333,0.0261980831,0.0364217252
2938,2024-12-27,split,2,0.5000000000,0.0209436133,0.0333716916
4011,2024-12-27,split,2,0.5000000000,0.0184501845,0.0405904059
5542,2024-12-27,split,2,0.5000000000,0.0124908156,0.0257163850
6298,2024-12-27,split,2,0.5000000000,0.0223433243,0.0299727520
6413,2024-12-27,split,2,0.5000000000,0.0259780908,0.0322378717
6420,2024-12-27,split,2,0.5000000000,0.0109869646,0.0212290503
7081,2024-12-27,split,2,0.5000000000,0.0185960019,0.0227801023
7361,2024-12-27,split,2,0.5000000000,0.0109263658,0.0194774347
7685,2024-12-27,split,2,0.5000000000,0.0257042254,0.0401408451
8113,2024-12-27,split,3,0.3333333333,0.0117942769,0.0131477185
9009,2024-12-27,split,3,0.3333333333,0.0129708600,0.0223880597
9147,2024-12-27,split,3,0.3333333333,0.0150553052,0.0229414175
9340,2024-12-27,split,2,0.5000000000,0.0124895920,0.0158201499
9467,2024-12-27,split,3,0.3333333333,0.0291666667,0.0435185185
9539,2024-12-27,split,3,0.3333333333,0.0244945568,0.0486003110
9621,2024-12-27,split,2,0.5000000000,0.0184313725,0.0466666667
1450,2025-01-30,split,2,0.5000000000,0.0262128326,0.0406885759
2217,2025-01-30,split,3,0.3333333333,0.0145360825,0.0251546392
2323,2025-01-30,split,2,0.5000000000,0.0288557214,0.0328358209
1793,2025-02-27,split,2,0.5000000000,0.0230616302,0.0337972167
208A,2025-02-27,split,2,0.5000000000,0.0119958635,0.0175801448
2736,2025-02-27,split,3,0.3333333333,0.0118483412,0.0402843602
277A,2025-02-27,split,5,0.2000000000,0.0313578826,0.0609896433
3501,2025-02-27,split,2,0.5000000000,0.0022153301,0.0084182543
5967,2025-02-27,split,2,0.5000000000,0.0056980057,0.0256410256
6086,2025-02-27,split,2,0.5000000000,0.0234857849,0.0296662546
8194,2025-02-27,split,2,0.5000000000,0.0209366391,0.0358126722
9235,2025-02-27,split,2,0.5000000000,0.0266558966,0.0468497577
4377,2025-03-13,split,3,0.3333333333,0.0377840909,0.0551136364
1736,2025-03-28,split,3,0.3333333333,0.0340659341,0.0762637363
1822,2025-03-28,split,5,0.2000000000,0.0388283379,0.0490463215
1979,2025-03-28,split,2,0.5000000000,0.0341614907,0.0414078675
2802,2025-03-28,split,2,0.5000000000,0.0073254110,0.0239296761
2805,2025-03-28,split,2,0.5000000000,0.0050632911,0.0162748644
2871,2025-03-28,split,2,0.5000000000,0.0047366955,0.0156032321
3002,2025-03-28,split,2,0.5000000000,0.0244402985,0.0335820896
3092,2025-03-28,split,3,0.3333333333,0.0247851950,0.0429610046
3231,2025-03-28,split,5,0.2000000000,0.0149977944,0.0240405823
3486,2025-03-28,split,2,0.5000000000,0.0149333333,0.0250666667
3837,2025-03-28,split,2,0.5000000000,0.0232876712,0.0356164384
3964,2025-03-28,split,2,0.5000000000,0.0236985237,0.0520590521
4112,2025-03-28,split,2,0.5000000000,0.0280120482,0.0361445783
4681,2025-03-28,split,2,0.5000000000,0.0248355263,0.0394736842
4832,2025-03-28,split,2,0.5000000000,0.0283159463,0.0336810730
4972,2025-03-28,split,2,0.5000000000,0.0427503737,0.0469357250
5161,2025-03-28,split,2,0.5000000000,0.0149532710,0.0301142264
5464,2025-03-28,split,5,0.2000000000,0.0477876106,0.0814159292
5532,2025-03-28,split,2,0.5000000000,0.0244660194,0.0291262136
5858,2025-03-28,split,2,0.5000000000,0.0074231177,0.0371155885
6040,2025-03-28,split,3,0.3333333333,0.0199686766,0.0368050117
6137,2025-03-28,split,5,0.2000000000,0.0433976261,0.0623145401
6258,2025-03-28,split,3,0.3333333333,0.0428994083,0.0591715976
6331,2025-03-28,split,3,0.3333333333,0.0166464156,0.0216281896
6701,2025-03-28,split,5,0.2000000000,0.0084375000,0.0121875000
6797,2025-03-28,split,2,0.5000000000,0.0362627986,0.0520477816
7164,2025-03-28,split,2,0.5000000000,0.0283281480,0.0376616997
7369,2025-03-28,split,3,0.3333333333,0.0080527086,0.0219619327
7914,2025-03-28,split,4,0.2500000000,0.0318706697,0.0392609700
8022,2025-03-28,split,3,0.3333333333,0.0299013564,0.0441430333
8043,2025-03-28,split,3,0.3333333333,0.0296257796,0.0405405405
8075,2025-03-28,split,3,0.3333333333,0.0292134831,0.0364365971
8117,2025-03-28,split,3,0.3333333333,0.0165346535,0.0188118812
8424,2025-03-28,split,3,0.3333333333,0.0234174597,0.0363260240
8750,2025-03-28,split,4,0.2500000000,0.0193186539,0.0465309514
9166,2025-03-28,split,2,0.5000000000,0.0187739464,0.0321839080
9368,2025-03-28,split,2,0.5000000000,0.0437093916,0.0525694034
9433,2025-03-28,split,2,0.5000000000,0.0022568732,0.0205170291
9564,2025-03-28,split,2,0.5000000000,0.0319926874,0.0566727605
9644,2025-03-28,split,2,0.5000000000,0.0344580043,0.0710696339
9679,2025-03-28,split,3,0.3333333333,0.0132860041,0.0263691684
9882,2025-03-28,split,2,0.5000000000,0.0150107219,0.0271622588
9889,2025-03-28,split,4,0.2500000000,0.0120430108,0.0236559140
6085,2025-04-09,split,3,0.3333333333,0.0330296128,0.0637813212
6309,2025-04-28,split,3,0.3333333333,0.0283847981,0.0501187648
9302,2025-04-28,split,3,0.3333333333,0.0151392111,0.0287703016
2676,2025-05-29,split,2,0.5000000000,0.0122891566,0.0313253012
4413,2025-05-29,split,2,0.5000000000,0.0084485407,0.0322580645
4417,2025-05-29,split,2,0.5000000000,0.0141065831,0.0203761755
4577,2025-05-29,split,2,0.5000000000,0.0060422961,0.0201409869
5535,2025-05-29,split,2,0.5000000000,0.0299539171,0.1198156682
7273,2025-05-29,split,10,0.1000000000,0.0369426752,0.0649681529
9305,2025-05-29,split,2,0.5000000000,0.0175324675,0.0281385281
1911,2025-06-27,split,3,0.3333333333,0.0096485183,0.0179186768
2216,2025-06-27,split,3,0.3333333333,0.0248387097,0.0612903226
2700,2025-06-27,split,5,0.2000000000,0.0369294606,0.0643153527
2938,2025-06-27,split,3,0.3333333333,0.0351036269,0.0588082902
2981,2025-06-27,split,2,0.5000000000,0.0233038348,0.0235988201
3671,2025-06-27,split,4,0.2500000000,0.0121457490,0.0850202429
3950,2025-06-27,split,3,0.3333333333,0.0123853211,0.0201834862
4258,2025-06-27,split,2,0.5000000000,0.0444078947,0.0855263158
4389,2025-06-27,split,2,0.5000000000,0.0480718436,0.0554675119
4486,2025-06-27,split,2,0.5000000000,0.0227445034,0.0507960576
5137,2025-06-27,split,6,0.1666666667,0.0443371378,0.0755048288
5482,2025-06-27,split,4,0.2500000000,0.0196642686,0.0311750600
6874,2025-06-27,split,2,0.5000000000,0.0237252862,0.0289281998
7082,2025-06-27,split,2,0.5000000000,0.0360160071,0.0858159182
7320,2025-06-27,split,2,0.5000000000,0.0087500000,0.0281250000
7740,2025-06-27,split,4,0.2500000000,0.0086830680,0.0159189580
7744,2025-06-27,split,3,0.3333333333,0.0126245847,0.0232558140
7984,2025-06-27,split,4,0.2500000000,0.0109681373,0.0164215686
8803,2025-06-27,split,2,0.5000000000,0.0040494938,0.0092238470
146A,2025-07-30,split,2,0.5000000000,0.0095238095,0.0206349206
5527,2025-07-30,split,3,0.3333333333,0.0140718563,0.0245508982
7064,2025-07-30,split,2,0.5000000000,0.0066718995,0.0235478807
3387,2025-08-28,split,2,0.5000000000,0.0128518972,0.0171358629
3391,2025-08-28,split,5,0.2000000000,0.0142418931,0.0227870289
3399,2025-08-28,split,2,0.5000000000,0.0482912333,0.0876671620
340A,2025-08-28,split,3,0.3333333333,0.0087873462,0.0263620387
3498,2025-08-28,split,2,0.5000000000,0.0130790191,0.0452316076
4439,2025-08-28,split,2,0.5000000000,0.0146137787,0.0229645094
5290,2025-08-28,split,2,0.5000000000,0.0188197767,0.0213716108
7453,2025-08-28,split,2,0.5000000000,0.0126037960,0.0263938316
7818,2025-08-28,split,2,0.5000000000,0.0145278450,0.0371267151
8267,2025-08-28,split,3,0.3333333333,0.0051134251,0.0349572332
9556,2025-08-28,split,2,0.5000000000,0.0156657963,0.0391644909
2726,2025-09-09,split,2,0.5000000000,0.0238434164,0.0355871886
1515,2025-09-29,split,5,0.2000000000,0.0195968645,0.0212765957
1518,2025-09-29,split,5,0.2000000000,0.0302359882,0.0420353982
1861,2025-09-29,split,4,0.2500000000,0.0079051383,0.0316205534
1878,2025-09-29,split,5,0.2000000000,0.0178679588,0.0245305875
1968,2025-09-29,split,3,0.3333333333,0.0071770335,0.0234449761
1969,2025-09-29,split,2,0.5000000000,0.0204225352,0.0401408451
1972,2025-09-29,split,5,0.2000000000,0.0096774194,0.0322580645
247A,2025-09-29,split,5,0.2000000000,0.0415117720,0.1028500620
2970,2025-09-29,split,4,0.2500000000,0.0287069988,0.0367734282
2998,2025-09-29,split,5,0.2000000000,0.0117504052,0.0307941653
3137,2025-09-29,split,2,0.5000000000,0.0341365462,0.0642570281
3143,2025-09-29,split,3,0.3333333333,0.0144104803,0.0227074236
3317,2025-09-29,split,2,0.5000000000,0.0110000000,0.0206666667
3489,2025-09-29,split,3,0.3333333333,0.0138408304,0.0288350634
3496,2025-09-29,split,2,0.5000000000,0.0107948970,0.0107948970
3708,2025-09-29,split,3,0.3333333333,0.0184567258,0.0235662148
3741,2025-09-29,split,2,0.5000000000,0.0158436214,0.0238683128
3763,2025-09-29,split,2,0.5000000000,0.0213247173,0.0533117932
3798,2025-09-29,split,10,0.1000000000,0.0195312500,0.0442708333
3923,2025-09-29,split,2,0.5000000000,0.0097297297,0.0194594595
3979,2025-09-29,split,4,0.2500000000,0.0287356322,0.0804597701
4366,2025-09-29,split,3,0.3333333333,0.0355000000,0.0670000000
4498,2025-09-29,split,2,0.5000000000,0.0389525368,0.0468085106
4685,2025-09-29,split,2,0.5000000000,0.0187861272,0.0433526012
4914,2025-09-29,split,5,0.2000000000,0.0191839220,0.0408038977
5021,2025-09-29,split,2,0.5000000000,0.0263694441,0.0349327171
5252,2025-09-29,split,3,0.3333333333,0.0311036789,0.0434782609
5401,2025-09-29,split,5,0.2000000000,0.0137832700,0.0256653992
5463,2025-09-29,split,3,0.3333333333,0.0175483871,0.0256774194
5741,2025-09-29,split,4,0.2500000000,0.0245398773,0.0368098160
6351,2025-09-29,split,2,0.5000000000,0.0262773723,0.0306569343
6463,2025-09-29,split,2,0.5000000000,0.0207148660,0.0357432981
6516,2025-09-29,split,3,0.3333333333,0.0193423598,0.0425531915
6544,2025-09-29,split,2,0.5000000000,0.0298619824,0.0559598494
6850,2025-09-29,split,2,0.5000000000,0.0232727273,0.0450909091
7013,2025-09-29,split,7,0.1428571429,0.0324949986,0.0629036868
7059,2025-09-29,split,2,0.5000000000,0.0170575693,0.0277185501
7120,2025-09-29,split,3,0.3333333333,0.0079591837,0.0102040816
7217,2025-09-29,split,2,0.5000000000,0.0131736527,0.0227544910
7327,2025-09-29,split,3,0.3333333333,0.0215456674,0.0220140515
7381,2025-09-29,split,10,0.1000000000,0.0171385991,0.0387481371
7532,2025-09-29,split,5,0.2000000000,0.0177898910,0.0314172448
7562,2025-09-29,split,2,0.5000000000,0.0314960630,0.0485564304
7595,2025-09-29,split,4,0.2500000000,0.0326129666,0.0388998035
7803,2025-09-29,split,2,0.5000000000,0.0274809160,0.0503816794
7917,2025-09-29,split,4,0.2500000000,0.0120141343,0.0247349823
8007,2025-09-29,split,2,0.5000000000,0.0336231884,0.0504347826
8061,2025-09-29,split,3,0.3333333333,0.0228714524,0.0469115192
8111,2025-09-29,split,3,0.3333333333,0.0126061398,0.0225996081
8522,2025-09-29,split,3,0.3333333333,0.0196172249,0.0425837321
9083,2025-09-29,split,2,0.5000000000,0.0146835443,0.0344303797
9145,2025-09-29,split,4,0.2500000000,0.0198620690,0.0615172414
9304,2025-09-29,split,4,0.2500000000,0.0035087719,0.0359649123
9343,2025-09-29,split,5,0.2000000000,0.0215123859,0.0391134289
9345,2025-09-29,split,2,0.5000000000,0.0350119904,0.0599520384
9436,2025-09-29,split,2,0.5000000000,0.0170731707,0.0240150094
9682,2025-09-29,split,4,0.2500000000,0.0052730697,0.0124293785
9684,2025-09-29,split,3,0.3333333333,0.0132316314,0.0255292653
9823,2025-09-29,split,5,0.2000000000,0.0235294118,0.0588235294
9843,2025-09-29,split,5,0.2000000000,0.0091150442,0.0244247788
7419,2025-10-09,split,3,0.3333333333,0.0236641221,0.0343511450
2164,2025-10-30,split,2,0.5000000000,0.0371517028,0.0712074303
2991,2025-10-30,split,2,0.5000000000,0.0117820324,0.0353460972
350A,2025-10-30,split,6,0.1666666667,0.0467032967,0.0901098901
3539,2025-10-30,split,2,0.5000000000,0.0210772834,0.0424891268
7695,2025-10-30,split,3,0.3333333333,0.0160093713,0.0242092932
8914,2025-10-30,split,2,0.5000000000,0.0116822430,0.0289719626
9237,2025-10-30,split,2,0.5000000000,0.0471653168,0.0690805145
4318,2025-11-27,split,3,0.3333333333,0.0153659523,0.0250707643
4373,2025-11-27,split,4,0.2500000000,0.0040816327,0.0131519274
4626,2025-11-27,split,2,0.5000000000,0.0253658537,0.0400000000
5578,2025-11-27,split,3,0.3333333333,0.0426517572,0.0543130990
7318,2025-11-27,split,4,0.2500000000,0.0580219780,0.1173626374
8473,2025-11-27,split,2,0.5000000000,0.0069898192,0.0086612977
8923,2025-11-27,split,2,0.5000000000,0.0417739628,0.0609442060
9934,2025-11-27,split,2,0.5000000000,0.0131742739,0.0309128631
6039,2025-12-15,split,5,0.2000000000,0.0490654206,0.0915887850
1333,2025-12-29,split,3,0.3333333333,0.0044270175,0.0107513281
1414,2025-12-29,split,4,0.2500000000,0.0128082585,0.0227489964
1980,2025-12-29,split,3,0.3333333333,0.0241450068,0.0452804378
2114,2025-12-29,split,2,0.5000000000,0.0148883375,0.0272952854
2501,2025-12-29,split,5,0.2000000000,0.0240297425,0.0331277959
3661,2025-12-29,split,2,0.5000000000,0.0058201058,0.0222222222
3916,2025-12-29,split,2,0.5000000000,0.0269662921,0.0337078652
3986,2025-12-29,split,3,0.3333333333,0.0175054705,0.0350109409
4062,2025-12-29,split,2,0.5000000000,0.0080060423,0.0347432024
4107,2025-12-29,split,9,0.1111111111,0.0585365854,0.0864111498
4183,2025-12-29,split,2,0.5000000000,0.0106302202,0.0235383447
4396,2025-12-29,split,2,0.5000000000,0.0304568528,0.0463620981
4635,2025-12-29,split,5,0.2000000000,0.0096666667,0.0233333333
4811,2025-12-29,split,3,0.3333333333,0.0226700252,0.0425692695
4828,2025-12-29,split,5,0.2000000000,0.0398550725,0.0615942029
4935,2025-12-29,split,5,0.2000000000,0.0152185944,0.0287769784
4976,2025-12-29,split,3,0.3333333333,0.0282536151,0.0542825362
5108,2025-12-29,split,2,0.5000000000,0.0144444444,0.0241666667
6061,2025-12-29,split,2,0.5000000000,0.0251798561,0.0791366906
6328,2025-12-29,split,2,0.5000000000,0.0327102804,0.0434579439
6369,2025-12-29,split,2,0.5000000000,0.0411214953,0.0612668744
6592,2025-12-29,split,2,0.5000000000,0.0148261759,0.0224948875
6648,2025-12-29,split,5,0.2000000000,0.0347826087,0.0521739130
6772,2025-12-29,split,5,0.2000000000,0.0227272727,0.0248484848
7089,2025-12-29,split,2,0.5000000000,0.0236180905,0.0452261307
7552,2025-12-29,split,2,0.5000000000,0.0112627986,0.0184300341
7609,2025-12-29,split,2,0.5000000000,0.0216768916,0.0224948875
7628,2025-12-29,split,2,0.5000000000,0.0082712986,0.0132340778
8001,2025-12-29,split,5,0.2000000000,0.0363303711,0.0533193936
8020,2025-12-29,split,2,0.5000000000,0.0166855204,0.0277149321
8179,2025-12-29,split,2,0.5000000000,0.0391737892,0.0491452991
8830,2025-12-29,split,2,0.5000000000,0.0051715439,0.0151362260
9722,2025-12-29,split,5,0.2000000000,0.0141402715,0.0328054299
9757,2025-12-29,split,2,0.5000000000,0.0119250426,0.0306643952
9984,2025-12-29,split,4,0.2500000000,0.0144943820,0.0265168539
